part_id,folder_name,image_path,view,metadata_path,reference,part_number,supplier,material,part_title,design,weight,eclass,rohs
189576740-34-40_t_shafts_adp416c,189576740-34-40_t_shafts_adp416c,/Users/tanishqjadhav/Desktop/Extractor/data/raw/189576740-34-40_t_shafts_adp416c/40_t_shafts_adp416c_640x480_left.png,left,/Users/tanishqjadhav/Desktop/Extractor/data/raw/189576740-34-40_t_shafts_adp416c/40_t_shafts_adp416c.txt,ADP416C,10-20112003-070817,,,"40 mm through shafts, NAAMS ADP C",40 mm through shafts ADP416C,,,
189576740-34-40_t_shafts_adp416c,189576740-34-40_t_shafts_adp416c,/Users/tanishqjadhav/Desktop/Extractor/data/raw/189576740-34-40_t_shafts_adp416c/40_t_shafts_adp416c_640x480_back.png,back,/Users/tanishqjadhav/Desktop/Extractor/data/raw/189576740-34-40_t_shafts_adp416c/40_t_shafts_adp416c.txt,ADP416C,10-20112003-070817,,,"40 mm through shafts, NAAMS ADP C",40 mm through shafts ADP416C,,,
189576740-34-40_t_shafts_adp416c,189576740-34-40_t_shafts_adp416c,/Users/tanishqjadhav/Desktop/Extractor/data/raw/189576740-34-40_t_shafts_adp416c/40_t_shafts_adp416c_640x480_bottom.png,bottom,/Users/tanishqjadhav/Desktop/Extractor/data/raw/189576740-34-40_t_shafts_adp416c/40_t_shafts_adp416c.txt,ADP416C,10-20112003-070817,,,"40 mm through shafts, NAAMS ADP C",40 mm through shafts ADP416C,,,
189576740-34-40_t_shafts_adp416c,189576740-34-40_t_shafts_adp416c,/Users/tanishqjadhav/Desktop/Extractor/data/raw/189576740-34-40_t_shafts_adp416c/40_t_shafts_adp416c_640x480_iso.png,iso,/Users/tanishqjadhav/Desktop/Extractor/data/raw/189576740-34-40_t_shafts_adp416c/40_t_shafts_adp416c.txt,ADP416C,10-20112003-070817,,,"40 mm through shafts, NAAMS ADP C",40 mm through shafts ADP416C,,,
189576740-34-40_t_shafts_adp416c,189576740-34-40_t_shafts_adp416c,/Users/tanishqjadhav/Desktop/Extractor/data/raw/189576740-34-40_t_shafts_adp416c/40_t_shafts_adp416c_640x480_top.png,top,/Users/tanishqjadhav/Desktop/Extractor/data/raw/189576740-34-40_t_shafts_adp416c/40_t_shafts_adp416c.txt,ADP416C,10-20112003-070817,,,"40 mm through shafts, NAAMS ADP C",40 mm through shafts ADP416C,,,
189576740-34-40_t_shafts_adp416c,189576740-34-40_t_shafts_adp416c,/Users/tanishqjadhav/Desktop/Extractor/data/raw/189576740-34-40_t_shafts_adp416c/40_t_shafts_adp416c_640x480_right.png,right,/Users/tanishqjadhav/Desktop/Extractor/data/raw/189576740-34-40_t_shafts_adp416c/40_t_shafts_adp416c.txt,ADP416C,10-20112003-070817,,,"40 mm through shafts, NAAMS ADP C",40 mm through shafts ADP416C,,,
189576740-34-40_t_shafts_adp416c,189576740-34-40_t_shafts_adp416c,/Users/tanishqjadhav/Desktop/Extractor/data/raw/189576740-34-40_t_shafts_adp416c/40_t_shafts_adp416c_640x480_front.png,front,/Users/tanishqjadhav/Desktop/Extractor/data/raw/189576740-34-40_t_shafts_adp416c/40_t_shafts_adp416c.txt,ADP416C,10-20112003-070817,,,"40 mm through shafts, NAAMS ADP C",40 mm through shafts ADP416C,,,
189576446-34-16-240-46-6-16,189576446-34-16-240-46-6-16,/Users/tanishqjadhav/Desktop/Extractor/data/raw/189576446-34-16-240-46-6-16/16-240-46-6-16_640x480_bottom.png,bottom,/Users/tanishqjadhav/Desktop/Extractor/data/raw/189576446-34-16-240-46-6-16/16-240-46-6-16.txt,16-240-46-6-16,90-02012026-074405,EMILE MAURIN,,16-24 VIS PAPILLON INOX,16-24 VIS PAPILLON INOX - 16-240-46-6-16,,,
189576446-34-16-240-46-6-16,189576446-34-16-240-46-6-16,/Users/tanishqjadhav/Desktop/Extractor/data/raw/189576446-34-16-240-46-6-16/16-240-46-6-16_640x480_iso.png,iso,/Users/tanishqjadhav/Desktop/Extractor/data/raw/189576446-34-16-240-46-6-16/16-240-46-6-16.txt,16-240-46-6-16,90-02012026-074405,EMILE MAURIN,,16-24 VIS PAPILLON INOX,16-24 VIS PAPILLON INOX - 16-240-46-6-16,,,
189576446-34-16-240-46-6-16,189576446-34-16-240-46-6-16,/Users/tanishqjadhav/Desktop/Extractor/data/raw/189576446-34-16-240-46-6-16/16-240-46-6-16_640x480_top.png,top,/Users/tanishqjadhav/Desktop/Extractor/data/raw/189576446-34-16-240-46-6-16/16-240-46-6-16.txt,16-240-46-6-16,90-02012026-074405,EMILE MAURIN,,16-24 VIS PAPILLON INOX,16-24 VIS PAPILLON INOX - 16-240-46-6-16,,,
189576446-34-16-240-46-6-16,189576446-34-16-240-46-6-16,/Users/tanishqjadhav/Desktop/Extractor/data/raw/189576446-34-16-240-46-6-16/16-240-46-6-16_640x480_left.png,left,/Users/tanishqjadhav/Desktop/Extractor/data/raw/189576446-34-16-240-46-6-16/16-240-46-6-16.txt,16-240-46-6-16,90-02012026-074405,EMILE MAURIN,,16-24 VIS PAPILLON INOX,16-24 VIS PAPILLON INOX - 16-240-46-6-16,,,
189576446-34-16-240-46-6-16,189576446-34-16-240-46-6-16,/Users/tanishqjadhav/Desktop/Extractor/data/raw/189576446-34-16-240-46-6-16/16-240-46-6-16_640x480_front.png,front,/Users/tanishqjadhav/Desktop/Extractor/data/raw/189576446-34-16-240-46-6-16/16-240-46-6-16.txt,16-240-46-6-16,90-02012026-074405,EMILE MAURIN,,16-24 VIS PAPILLON INOX,16-24 VIS PAPILLON INOX - 16-240-46-6-16,,,
189576446-34-16-240-46-6-16,189576446-34-16-240-46-6-16,/Users/tanishqjadhav/Desktop/Extractor/data/raw/189576446-34-16-240-46-6-16/16-240-46-6-16_640x480_right.png,right,/Users/tanishqjadhav/Desktop/Extractor/data/raw/189576446-34-16-240-46-6-16/16-240-46-6-16.txt,16-240-46-6-16,90-02012026-074405,EMILE MAURIN,,16-24 VIS PAPILLON INOX,16-24 VIS PAPILLON INOX - 16-240-46-6-16,,,
189576446-34-16-240-46-6-16,189576446-34-16-240-46-6-16,/Users/tanishqjadhav/Desktop/Extractor/data/raw/189576446-34-16-240-46-6-16/16-240-46-6-16_640x480_back.png,back,/Users/tanishqjadhav/Desktop/Extractor/data/raw/189576446-34-16-240-46-6-16/16-240-46-6-16.txt,16-240-46-6-16,90-02012026-074405,EMILE MAURIN,,16-24 VIS PAPILLON INOX,16-24 VIS PAPILLON INOX - 16-240-46-6-16,,,
189576359-34-ebcob3-6,189576359-34-ebcob3-6,/Users/tanishqjadhav/Desktop/Extractor/data/raw/189576359-34-ebcob3-6/ebcob3-6_640x480_bottom.png,bottom,/Users/tanishqjadhav/Desktop/Extractor/data/raw/189576359-34-ebcob3-6/ebcob3-6.txt,EBCOB3-6,80-09122021-081237,"ZKH Industrial Supply Co., Ltd.",,Butterfly Bolt EBCOB/EBCBS,Butterfly Bolt EBCOB3-6,,,
189576359-34-ebcob3-6,189576359-34-ebcob3-6,/Users/tanishqjadhav/Desktop/Extractor/data/raw/189576359-34-ebcob3-6/ebcob3-6_640x480_right.png,right,/Users/tanishqjadhav/Desktop/Extractor/data/raw/189576359-34-ebcob3-6/ebcob3-6.txt,EBCOB3-6,80-09122021-081237,"ZKH Industrial Supply Co., Ltd.",,Butterfly Bolt EBCOB/EBCBS,Butterfly Bolt EBCOB3-6,,,
189576359-34-ebcob3-6,189576359-34-ebcob3-6,/Users/tanishqjadhav/Desktop/Extractor/data/raw/189576359-34-ebcob3-6/ebcob3-6_640x480_front.png,front,/Users/tanishqjadhav/Desktop/Extractor/data/raw/189576359-34-ebcob3-6/ebcob3-6.txt,EBCOB3-6,80-09122021-081237,"ZKH Industrial Supply Co., Ltd.",,Butterfly Bolt EBCOB/EBCBS,Butterfly Bolt EBCOB3-6,,,
189576359-34-ebcob3-6,189576359-34-ebcob3-6,/Users/tanishqjadhav/Desktop/Extractor/data/raw/189576359-34-ebcob3-6/ebcob3-6_640x480_iso.png,iso,/Users/tanishqjadhav/Desktop/Extractor/data/raw/189576359-34-ebcob3-6/ebcob3-6.txt,EBCOB3-6,80-09122021-081237,"ZKH Industrial Supply Co., Ltd.",,Butterfly Bolt EBCOB/EBCBS,Butterfly Bolt EBCOB3-6,,,
189576359-34-ebcob3-6,189576359-34-ebcob3-6,/Users/tanishqjadhav/Desktop/Extractor/data/raw/189576359-34-ebcob3-6/ebcob3-6_640x480_back.png,back,/Users/tanishqjadhav/Desktop/Extractor/data/raw/189576359-34-ebcob3-6/ebcob3-6.txt,EBCOB3-6,80-09122021-081237,"ZKH Industrial Supply Co., Ltd.",,Butterfly Bolt EBCOB/EBCBS,Butterfly Bolt EBCOB3-6,,,
189576359-34-ebcob3-6,189576359-34-ebcob3-6,/Users/tanishqjadhav/Desktop/Extractor/data/raw/189576359-34-ebcob3-6/ebcob3-6_640x480_left.png,left,/Users/tanishqjadhav/Desktop/Extractor/data/raw/189576359-34-ebcob3-6/ebcob3-6.txt,EBCOB3-6,80-09122021-081237,"ZKH Industrial Supply Co., Ltd.",,Butterfly Bolt EBCOB/EBCBS,Butterfly Bolt EBCOB3-6,,,
189576359-34-ebcob3-6,189576359-34-ebcob3-6,/Users/tanishqjadhav/Desktop/Extractor/data/raw/189576359-34-ebcob3-6/ebcob3-6_640x480_top.png,top,/Users/tanishqjadhav/Desktop/Extractor/data/raw/189576359-34-ebcob3-6/ebcob3-6.txt,EBCOB3-6,80-09122021-081237,"ZKH Industrial Supply Co., Ltd.",,Butterfly Bolt EBCOB/EBCBS,Butterfly Bolt EBCOB3-6,,,
189576172-34-ylbt8x20-c1,189576172-34-ylbt8x20-c1,/Users/tanishqjadhav/Desktop/Extractor/data/raw/189576172-34-ylbt8x20-c1/ylbt8x20-c1_640x480_left.png,left,/Users/tanishqjadhav/Desktop/Extractor/data/raw/189576172-34-ylbt8x20-c1/ylbt8x20-c1.txt,YLBT8X20-C1,90-20102023-014501,"YA-VA Intelligent Systems Co., Ltd.",,T-bolt,T-bolt YLBT8X20-C1,,,
189576172-34-ylbt8x20-c1,189576172-34-ylbt8x20-c1,/Users/tanishqjadhav/Desktop/Extractor/data/raw/189576172-34-ylbt8x20-c1/ylbt8x20-c1_640x480_front.png,front,/Users/tanishqjadhav/Desktop/Extractor/data/raw/189576172-34-ylbt8x20-c1/ylbt8x20-c1.txt,YLBT8X20-C1,90-20102023-014501,"YA-VA Intelligent Systems Co., Ltd.",,T-bolt,T-bolt YLBT8X20-C1,,,
189576172-34-ylbt8x20-c1,189576172-34-ylbt8x20-c1,/Users/tanishqjadhav/Desktop/Extractor/data/raw/189576172-34-ylbt8x20-c1/ylbt8x20-c1_640x480_right.png,right,/Users/tanishqjadhav/Desktop/Extractor/data/raw/189576172-34-ylbt8x20-c1/ylbt8x20-c1.txt,YLBT8X20-C1,90-20102023-014501,"YA-VA Intelligent Systems Co., Ltd.",,T-bolt,T-bolt YLBT8X20-C1,,,
189576172-34-ylbt8x20-c1,189576172-34-ylbt8x20-c1,/Users/tanishqjadhav/Desktop/Extractor/data/raw/189576172-34-ylbt8x20-c1/ylbt8x20-c1_640x480_back.png,back,/Users/tanishqjadhav/Desktop/Extractor/data/raw/189576172-34-ylbt8x20-c1/ylbt8x20-c1.txt,YLBT8X20-C1,90-20102023-014501,"YA-VA Intelligent Systems Co., Ltd.",,T-bolt,T-bolt YLBT8X20-C1,,,
189576172-34-ylbt8x20-c1,189576172-34-ylbt8x20-c1,/Users/tanishqjadhav/Desktop/Extractor/data/raw/189576172-34-ylbt8x20-c1/ylbt8x20-c1_640x480_bottom.png,bottom,/Users/tanishqjadhav/Desktop/Extractor/data/raw/189576172-34-ylbt8x20-c1/ylbt8x20-c1.txt,YLBT8X20-C1,90-20102023-014501,"YA-VA Intelligent Systems Co., Ltd.",,T-bolt,T-bolt YLBT8X20-C1,,,
189576172-34-ylbt8x20-c1,189576172-34-ylbt8x20-c1,/Users/tanishqjadhav/Desktop/Extractor/data/raw/189576172-34-ylbt8x20-c1/ylbt8x20-c1_640x480_top.png,top,/Users/tanishqjadhav/Desktop/Extractor/data/raw/189576172-34-ylbt8x20-c1/ylbt8x20-c1.txt,YLBT8X20-C1,90-20102023-014501,"YA-VA Intelligent Systems Co., Ltd.",,T-bolt,T-bolt YLBT8X20-C1,,,
189576172-34-ylbt8x20-c1,189576172-34-ylbt8x20-c1,/Users/tanishqjadhav/Desktop/Extractor/data/raw/189576172-34-ylbt8x20-c1/ylbt8x20-c1_640x480_iso.png,iso,/Users/tanishqjadhav/Desktop/Extractor/data/raw/189576172-34-ylbt8x20-c1/ylbt8x20-c1.txt,YLBT8X20-C1,90-20102023-014501,"YA-VA Intelligent Systems Co., Ltd.",,T-bolt,T-bolt YLBT8X20-C1,,,
189576417-34-2453652,189576417-34-2453652,/Users/tanishqjadhav/Desktop/Extractor/data/raw/189576417-34-2453652/2453652_640x480_left.png,left,/Users/tanishqjadhav/Desktop/Extractor/data/raw/189576417-34-2453652/2453652.txt,2453652,90-23112023-049396,RS PRO,,1/2 X 2 1/2 LAG BOLT GALVANIZED,1/2 X 2 1/2 LAG BOLT GALVANIZED,,,
189576417-34-2453652,189576417-34-2453652,/Users/tanishqjadhav/Desktop/Extractor/data/raw/189576417-34-2453652/2453652_640x480_back.png,back,/Users/tanishqjadhav/Desktop/Extractor/data/raw/189576417-34-2453652/2453652.txt,2453652,90-23112023-049396,RS PRO,,1/2 X 2 1/2 LAG BOLT GALVANIZED,1/2 X 2 1/2 LAG BOLT GALVANIZED,,,
189576417-34-2453652,189576417-34-2453652,/Users/tanishqjadhav/Desktop/Extractor/data/raw/189576417-34-2453652/2453652_640x480_bottom.png,bottom,/Users/tanishqjadhav/Desktop/Extractor/data/raw/189576417-34-2453652/2453652.txt,2453652,90-23112023-049396,RS PRO,,1/2 X 2 1/2 LAG BOLT GALVANIZED,1/2 X 2 1/2 LAG BOLT GALVANIZED,,,
189576417-34-2453652,189576417-34-2453652,/Users/tanishqjadhav/Desktop/Extractor/data/raw/189576417-34-2453652/2453652_640x480_iso.png,iso,/Users/tanishqjadhav/Desktop/Extractor/data/raw/189576417-34-2453652/2453652.txt,2453652,90-23112023-049396,RS PRO,,1/2 X 2 1/2 LAG BOLT GALVANIZED,1/2 X 2 1/2 LAG BOLT GALVANIZED,,,
189576417-34-2453652,189576417-34-2453652,/Users/tanishqjadhav/Desktop/Extractor/data/raw/189576417-34-2453652/2453652_640x480_right.png,right,/Users/tanishqjadhav/Desktop/Extractor/data/raw/189576417-34-2453652/2453652.txt,2453652,90-23112023-049396,RS PRO,,1/2 X 2 1/2 LAG BOLT GALVANIZED,1/2 X 2 1/2 LAG BOLT GALVANIZED,,,
189576417-34-2453652,189576417-34-2453652,/Users/tanishqjadhav/Desktop/Extractor/data/raw/189576417-34-2453652/2453652_640x480_front.png,front,/Users/tanishqjadhav/Desktop/Extractor/data/raw/189576417-34-2453652/2453652.txt,2453652,90-23112023-049396,RS PRO,,1/2 X 2 1/2 LAG BOLT GALVANIZED,1/2 X 2 1/2 LAG BOLT GALVANIZED,,,
189576417-34-2453652,189576417-34-2453652,/Users/tanishqjadhav/Desktop/Extractor/data/raw/189576417-34-2453652/2453652_640x480_top.png,top,/Users/tanishqjadhav/Desktop/Extractor/data/raw/189576417-34-2453652/2453652.txt,2453652,90-23112023-049396,RS PRO,,1/2 X 2 1/2 LAG BOLT GALVANIZED,1/2 X 2 1/2 LAG BOLT GALVANIZED,,,
189576395-34-2453650,189576395-34-2453650,/Users/tanishqjadhav/Desktop/Extractor/data/raw/189576395-34-2453650/2453650_640x480_top.png,top,/Users/tanishqjadhav/Desktop/Extractor/data/raw/189576395-34-2453650/2453650.txt,2453650,90-23112023-049505,RS PRO,,1/2 X 1 1/2 LAG BOLT GALVANIZED,1/2 X 1 1/2 LAG BOLT GALVANIZED,,,
189576395-34-2453650,189576395-34-2453650,/Users/tanishqjadhav/Desktop/Extractor/data/raw/189576395-34-2453650/2453650_640x480_iso.png,iso,/Users/tanishqjadhav/Desktop/Extractor/data/raw/189576395-34-2453650/2453650.txt,2453650,90-23112023-049505,RS PRO,,1/2 X 1 1/2 LAG BOLT GALVANIZED,1/2 X 1 1/2 LAG BOLT GALVANIZED,,,
189576395-34-2453650,189576395-34-2453650,/Users/tanishqjadhav/Desktop/Extractor/data/raw/189576395-34-2453650/2453650_640x480_front.png,front,/Users/tanishqjadhav/Desktop/Extractor/data/raw/189576395-34-2453650/2453650.txt,2453650,90-23112023-049505,RS PRO,,1/2 X 1 1/2 LAG BOLT GALVANIZED,1/2 X 1 1/2 LAG BOLT GALVANIZED,,,
189576395-34-2453650,189576395-34-2453650,/Users/tanishqjadhav/Desktop/Extractor/data/raw/189576395-34-2453650/2453650_640x480_right.png,right,/Users/tanishqjadhav/Desktop/Extractor/data/raw/189576395-34-2453650/2453650.txt,2453650,90-23112023-049505,RS PRO,,1/2 X 1 1/2 LAG BOLT GALVANIZED,1/2 X 1 1/2 LAG BOLT GALVANIZED,,,
189576395-34-2453650,189576395-34-2453650,/Users/tanishqjadhav/Desktop/Extractor/data/raw/189576395-34-2453650/2453650_640x480_left.png,left,/Users/tanishqjadhav/Desktop/Extractor/data/raw/189576395-34-2453650/2453650.txt,2453650,90-23112023-049505,RS PRO,,1/2 X 1 1/2 LAG BOLT GALVANIZED,1/2 X 1 1/2 LAG BOLT GALVANIZED,,,
189576395-34-2453650,189576395-34-2453650,/Users/tanishqjadhav/Desktop/Extractor/data/raw/189576395-34-2453650/2453650_640x480_bottom.png,bottom,/Users/tanishqjadhav/Desktop/Extractor/data/raw/189576395-34-2453650/2453650.txt,2453650,90-23112023-049505,RS PRO,,1/2 X 1 1/2 LAG BOLT GALVANIZED,1/2 X 1 1/2 LAG BOLT GALVANIZED,,,
189576395-34-2453650,189576395-34-2453650,/Users/tanishqjadhav/Desktop/Extractor/data/raw/189576395-34-2453650/2453650_640x480_back.png,back,/Users/tanishqjadhav/Desktop/Extractor/data/raw/189576395-34-2453650/2453650.txt,2453650,90-23112023-049505,RS PRO,,1/2 X 1 1/2 LAG BOLT GALVANIZED,1/2 X 1 1/2 LAG BOLT GALVANIZED,,,
189576291-34-100016x16,189576291-34-100016x16,/Users/tanishqjadhav/Desktop/Extractor/data/raw/189576291-34-100016x16/100016x16_640x480_back.png,back,/Users/tanishqjadhav/Desktop/Extractor/data/raw/189576291-34-100016x16/100016x16.txt,100016X16,90-29122025-065954,EMILE MAURIN,,10001 BOULON À TÊTE HEXAGONALE VIS TH,10001 BOULON À TÊTE HEXAGONALE VIS TH - 100016X16,,,
189576291-34-100016x16,189576291-34-100016x16,/Users/tanishqjadhav/Desktop/Extractor/data/raw/189576291-34-100016x16/100016x16_640x480_front.png,front,/Users/tanishqjadhav/Desktop/Extractor/data/raw/189576291-34-100016x16/100016x16.txt,100016X16,90-29122025-065954,EMILE MAURIN,,10001 BOULON À TÊTE HEXAGONALE VIS TH,10001 BOULON À TÊTE HEXAGONALE VIS TH - 100016X16,,,
189576291-34-100016x16,189576291-34-100016x16,/Users/tanishqjadhav/Desktop/Extractor/data/raw/189576291-34-100016x16/100016x16_640x480_right.png,right,/Users/tanishqjadhav/Desktop/Extractor/data/raw/189576291-34-100016x16/100016x16.txt,100016X16,90-29122025-065954,EMILE MAURIN,,10001 BOULON À TÊTE HEXAGONALE VIS TH,10001 BOULON À TÊTE HEXAGONALE VIS TH - 100016X16,,,
189576291-34-100016x16,189576291-34-100016x16,/Users/tanishqjadhav/Desktop/Extractor/data/raw/189576291-34-100016x16/100016x16_640x480_iso.png,iso,/Users/tanishqjadhav/Desktop/Extractor/data/raw/189576291-34-100016x16/100016x16.txt,100016X16,90-29122025-065954,EMILE MAURIN,,10001 BOULON À TÊTE HEXAGONALE VIS TH,10001 BOULON À TÊTE HEXAGONALE VIS TH - 100016X16,,,
189576291-34-100016x16,189576291-34-100016x16,/Users/tanishqjadhav/Desktop/Extractor/data/raw/189576291-34-100016x16/100016x16_640x480_left.png,left,/Users/tanishqjadhav/Desktop/Extractor/data/raw/189576291-34-100016x16/100016x16.txt,100016X16,90-29122025-065954,EMILE MAURIN,,10001 BOULON À TÊTE HEXAGONALE VIS TH,10001 BOULON À TÊTE HEXAGONALE VIS TH - 100016X16,,,
189576291-34-100016x16,189576291-34-100016x16,/Users/tanishqjadhav/Desktop/Extractor/data/raw/189576291-34-100016x16/100016x16_640x480_top.png,top,/Users/tanishqjadhav/Desktop/Extractor/data/raw/189576291-34-100016x16/100016x16.txt,100016X16,90-29122025-065954,EMILE MAURIN,,10001 BOULON À TÊTE HEXAGONALE VIS TH,10001 BOULON À TÊTE HEXAGONALE VIS TH - 100016X16,,,
189576291-34-100016x16,189576291-34-100016x16,/Users/tanishqjadhav/Desktop/Extractor/data/raw/189576291-34-100016x16/100016x16_640x480_bottom.png,bottom,/Users/tanishqjadhav/Desktop/Extractor/data/raw/189576291-34-100016x16/100016x16.txt,100016X16,90-29122025-065954,EMILE MAURIN,,10001 BOULON À TÊTE HEXAGONALE VIS TH,10001 BOULON À TÊTE HEXAGONALE VIS TH - 100016X16,,,
189576276-34-jb_zq_4321-2006_14,189576276-34-jb_zq_4321-2006_14,/Users/tanishqjadhav/Desktop/Extractor/data/raw/189576276-34-jb_zq_4321-2006_14/jb_zq_4321-2006_14_640x480_right.png,right,/Users/tanishqjadhav/Desktop/Extractor/data/raw/189576276-34-jb_zq_4321-2006_14/jb_zq_4321-2006_14.txt,JB/ZQ 4321-2006 14,50-04032014-073423,,,U bolts - JB/ZQ 4321-2006,U bolts - JB/ZQ 4321-2006 14,,,
189576276-34-jb_zq_4321-2006_14,189576276-34-jb_zq_4321-2006_14,/Users/tanishqjadhav/Desktop/Extractor/data/raw/189576276-34-jb_zq_4321-2006_14/jb_zq_4321-2006_14_640x480_front.png,front,/Users/tanishqjadhav/Desktop/Extractor/data/raw/189576276-34-jb_zq_4321-2006_14/jb_zq_4321-2006_14.txt,JB/ZQ 4321-2006 14,50-04032014-073423,,,U bolts - JB/ZQ 4321-2006,U bolts - JB/ZQ 4321-2006 14,,,
189576276-34-jb_zq_4321-2006_14,189576276-34-jb_zq_4321-2006_14,/Users/tanishqjadhav/Desktop/Extractor/data/raw/189576276-34-jb_zq_4321-2006_14/jb_zq_4321-2006_14_640x480_back.png,back,/Users/tanishqjadhav/Desktop/Extractor/data/raw/189576276-34-jb_zq_4321-2006_14/jb_zq_4321-2006_14.txt,JB/ZQ 4321-2006 14,50-04032014-073423,,,U bolts - JB/ZQ 4321-2006,U bolts - JB/ZQ 4321-2006 14,,,
189576276-34-jb_zq_4321-2006_14,189576276-34-jb_zq_4321-2006_14,/Users/tanishqjadhav/Desktop/Extractor/data/raw/189576276-34-jb_zq_4321-2006_14/jb_zq_4321-2006_14_640x480_top.png,top,/Users/tanishqjadhav/Desktop/Extractor/data/raw/189576276-34-jb_zq_4321-2006_14/jb_zq_4321-2006_14.txt,JB/ZQ 4321-2006 14,50-04032014-073423,,,U bolts - JB/ZQ 4321-2006,U bolts - JB/ZQ 4321-2006 14,,,
189576276-34-jb_zq_4321-2006_14,189576276-34-jb_zq_4321-2006_14,/Users/tanishqjadhav/Desktop/Extractor/data/raw/189576276-34-jb_zq_4321-2006_14/jb_zq_4321-2006_14_640x480_left.png,left,/Users/tanishqjadhav/Desktop/Extractor/data/raw/189576276-34-jb_zq_4321-2006_14/jb_zq_4321-2006_14.txt,JB/ZQ 4321-2006 14,50-04032014-073423,,,U bolts - JB/ZQ 4321-2006,U bolts - JB/ZQ 4321-2006 14,,,
189576276-34-jb_zq_4321-2006_14,189576276-34-jb_zq_4321-2006_14,/Users/tanishqjadhav/Desktop/Extractor/data/raw/189576276-34-jb_zq_4321-2006_14/jb_zq_4321-2006_14_640x480_bottom.png,bottom,/Users/tanishqjadhav/Desktop/Extractor/data/raw/189576276-34-jb_zq_4321-2006_14/jb_zq_4321-2006_14.txt,JB/ZQ 4321-2006 14,50-04032014-073423,,,U bolts - JB/ZQ 4321-2006,U bolts - JB/ZQ 4321-2006 14,,,
189576276-34-jb_zq_4321-2006_14,189576276-34-jb_zq_4321-2006_14,/Users/tanishqjadhav/Desktop/Extractor/data/raw/189576276-34-jb_zq_4321-2006_14/jb_zq_4321-2006_14_640x480_iso.png,iso,/Users/tanishqjadhav/Desktop/Extractor/data/raw/189576276-34-jb_zq_4321-2006_14/jb_zq_4321-2006_14.txt,JB/ZQ 4321-2006 14,50-04032014-073423,,,U bolts - JB/ZQ 4321-2006,U bolts - JB/ZQ 4321-2006 14,,,
189576856-34-13c004004,189576856-34-13c004004,/Users/tanishqjadhav/Desktop/Extractor/data/raw/189576856-34-13c004004/13c004004_640x480_bottom.png,bottom,/Users/tanishqjadhav/Desktop/Extractor/data/raw/189576856-34-13c004004/13c004004.txt,13C004004,90-14072023-047142,Stafford Manufacturing Corp.,,316 SS Two-Piece Hex Bore Clamp Couplings,316 SS Two-Piece Hex Bore Clamp Couplings,,,
189576856-34-13c004004,189576856-34-13c004004,/Users/tanishqjadhav/Desktop/Extractor/data/raw/189576856-34-13c004004/13c004004_640x480_iso.png,iso,/Users/tanishqjadhav/Desktop/Extractor/data/raw/189576856-34-13c004004/13c004004.txt,13C004004,90-14072023-047142,Stafford Manufacturing Corp.,,316 SS Two-Piece Hex Bore Clamp Couplings,316 SS Two-Piece Hex Bore Clamp Couplings,,,
189576856-34-13c004004,189576856-34-13c004004,/Users/tanishqjadhav/Desktop/Extractor/data/raw/189576856-34-13c004004/13c004004_640x480_back.png,back,/Users/tanishqjadhav/Desktop/Extractor/data/raw/189576856-34-13c004004/13c004004.txt,13C004004,90-14072023-047142,Stafford Manufacturing Corp.,,316 SS Two-Piece Hex Bore Clamp Couplings,316 SS Two-Piece Hex Bore Clamp Couplings,,,
189576856-34-13c004004,189576856-34-13c004004,/Users/tanishqjadhav/Desktop/Extractor/data/raw/189576856-34-13c004004/13c004004_640x480_right.png,right,/Users/tanishqjadhav/Desktop/Extractor/data/raw/189576856-34-13c004004/13c004004.txt,13C004004,90-14072023-047142,Stafford Manufacturing Corp.,,316 SS Two-Piece Hex Bore Clamp Couplings,316 SS Two-Piece Hex Bore Clamp Couplings,,,
189576856-34-13c004004,189576856-34-13c004004,/Users/tanishqjadhav/Desktop/Extractor/data/raw/189576856-34-13c004004/13c004004_640x480_front.png,front,/Users/tanishqjadhav/Desktop/Extractor/data/raw/189576856-34-13c004004/13c004004.txt,13C004004,90-14072023-047142,Stafford Manufacturing Corp.,,316 SS Two-Piece Hex Bore Clamp Couplings,316 SS Two-Piece Hex Bore Clamp Couplings,,,
189576856-34-13c004004,189576856-34-13c004004,/Users/tanishqjadhav/Desktop/Extractor/data/raw/189576856-34-13c004004/13c004004_640x480_left.png,left,/Users/tanishqjadhav/Desktop/Extractor/data/raw/189576856-34-13c004004/13c004004.txt,13C004004,90-14072023-047142,Stafford Manufacturing Corp.,,316 SS Two-Piece Hex Bore Clamp Couplings,316 SS Two-Piece Hex Bore Clamp Couplings,,,
189576856-34-13c004004,189576856-34-13c004004,/Users/tanishqjadhav/Desktop/Extractor/data/raw/189576856-34-13c004004/13c004004_640x480_top.png,top,/Users/tanishqjadhav/Desktop/Extractor/data/raw/189576856-34-13c004004/13c004004.txt,13C004004,90-14072023-047142,Stafford Manufacturing Corp.,,316 SS Two-Piece Hex Bore Clamp Couplings,316 SS Two-Piece Hex Bore Clamp Couplings,,,
189576496-34-tec_6,189576496-34-tec_6,/Users/tanishqjadhav/Desktop/Extractor/data/raw/189576496-34-tec_6/tec_6_640x480_top.png,top,/Users/tanishqjadhav/Desktop/Extractor/data/raw/189576496-34-tec_6/tec_6.txt,7909773,90-04032025-043350,,,RUD TECDOS cobra fork head hook,Haken VCGH 6,,,
189576496-34-tec_6,189576496-34-tec_6,/Users/tanishqjadhav/Desktop/Extractor/data/raw/189576496-34-tec_6/tec_6_640x480_back.png,back,/Users/tanishqjadhav/Desktop/Extractor/data/raw/189576496-34-tec_6/tec_6.txt,7909773,90-04032025-043350,,,RUD TECDOS cobra fork head hook,Haken VCGH 6,,,
189576496-34-tec_6,189576496-34-tec_6,/Users/tanishqjadhav/Desktop/Extractor/data/raw/189576496-34-tec_6/tec_6_640x480_left.png,left,/Users/tanishqjadhav/Desktop/Extractor/data/raw/189576496-34-tec_6/tec_6.txt,7909773,90-04032025-043350,,,RUD TECDOS cobra fork head hook,Haken VCGH 6,,,
189576496-34-tec_6,189576496-34-tec_6,/Users/tanishqjadhav/Desktop/Extractor/data/raw/189576496-34-tec_6/tec_6_640x480_iso.png,iso,/Users/tanishqjadhav/Desktop/Extractor/data/raw/189576496-34-tec_6/tec_6.txt,7909773,90-04032025-043350,,,RUD TECDOS cobra fork head hook,Haken VCGH 6,,,
189576496-34-tec_6,189576496-34-tec_6,/Users/tanishqjadhav/Desktop/Extractor/data/raw/189576496-34-tec_6/tec_6_640x480_bottom.png,bottom,/Users/tanishqjadhav/Desktop/Extractor/data/raw/189576496-34-tec_6/tec_6.txt,7909773,90-04032025-043350,,,RUD TECDOS cobra fork head hook,Haken VCGH 6,,,
189576496-34-tec_6,189576496-34-tec_6,/Users/tanishqjadhav/Desktop/Extractor/data/raw/189576496-34-tec_6/tec_6_640x480_right.png,right,/Users/tanishqjadhav/Desktop/Extractor/data/raw/189576496-34-tec_6/tec_6.txt,7909773,90-04032025-043350,,,RUD TECDOS cobra fork head hook,Haken VCGH 6,,,
189576496-34-tec_6,189576496-34-tec_6,/Users/tanishqjadhav/Desktop/Extractor/data/raw/189576496-34-tec_6/tec_6_640x480_front.png,front,/Users/tanishqjadhav/Desktop/Extractor/data/raw/189576496-34-tec_6/tec_6.txt,7909773,90-04032025-043350,,,RUD TECDOS cobra fork head hook,Haken VCGH 6,,,
189576183-34-ylat8x17-c1,189576183-34-ylat8x17-c1,/Users/tanishqjadhav/Desktop/Extractor/data/raw/189576183-34-ylat8x17-c1/ylat8x17-c1_640x480_bottom.png,bottom,/Users/tanishqjadhav/Desktop/Extractor/data/raw/189576183-34-ylat8x17-c1/ylat8x17-c1.txt,YLAT8X17-C1,90-20102023-019207,"YA-VA Intelligent Systems Co., Ltd.",,T-bolt A,T-bolt A YLAT8X17-C1,,,
189576183-34-ylat8x17-c1,189576183-34-ylat8x17-c1,/Users/tanishqjadhav/Desktop/Extractor/data/raw/189576183-34-ylat8x17-c1/ylat8x17-c1_640x480_back.png,back,/Users/tanishqjadhav/Desktop/Extractor/data/raw/189576183-34-ylat8x17-c1/ylat8x17-c1.txt,YLAT8X17-C1,90-20102023-019207,"YA-VA Intelligent Systems Co., Ltd.",,T-bolt A,T-bolt A YLAT8X17-C1,,,
189576183-34-ylat8x17-c1,189576183-34-ylat8x17-c1,/Users/tanishqjadhav/Desktop/Extractor/data/raw/189576183-34-ylat8x17-c1/ylat8x17-c1_640x480_iso.png,iso,/Users/tanishqjadhav/Desktop/Extractor/data/raw/189576183-34-ylat8x17-c1/ylat8x17-c1.txt,YLAT8X17-C1,90-20102023-019207,"YA-VA Intelligent Systems Co., Ltd.",,T-bolt A,T-bolt A YLAT8X17-C1,,,
189576183-34-ylat8x17-c1,189576183-34-ylat8x17-c1,/Users/tanishqjadhav/Desktop/Extractor/data/raw/189576183-34-ylat8x17-c1/ylat8x17-c1_640x480_top.png,top,/Users/tanishqjadhav/Desktop/Extractor/data/raw/189576183-34-ylat8x17-c1/ylat8x17-c1.txt,YLAT8X17-C1,90-20102023-019207,"YA-VA Intelligent Systems Co., Ltd.",,T-bolt A,T-bolt A YLAT8X17-C1,,,
189576183-34-ylat8x17-c1,189576183-34-ylat8x17-c1,/Users/tanishqjadhav/Desktop/Extractor/data/raw/189576183-34-ylat8x17-c1/ylat8x17-c1_640x480_left.png,left,/Users/tanishqjadhav/Desktop/Extractor/data/raw/189576183-34-ylat8x17-c1/ylat8x17-c1.txt,YLAT8X17-C1,90-20102023-019207,"YA-VA Intelligent Systems Co., Ltd.",,T-bolt A,T-bolt A YLAT8X17-C1,,,
189576183-34-ylat8x17-c1,189576183-34-ylat8x17-c1,/Users/tanishqjadhav/Desktop/Extractor/data/raw/189576183-34-ylat8x17-c1/ylat8x17-c1_640x480_right.png,right,/Users/tanishqjadhav/Desktop/Extractor/data/raw/189576183-34-ylat8x17-c1/ylat8x17-c1.txt,YLAT8X17-C1,90-20102023-019207,"YA-VA Intelligent Systems Co., Ltd.",,T-bolt A,T-bolt A YLAT8X17-C1,,,
189576183-34-ylat8x17-c1,189576183-34-ylat8x17-c1,/Users/tanishqjadhav/Desktop/Extractor/data/raw/189576183-34-ylat8x17-c1/ylat8x17-c1_640x480_front.png,front,/Users/tanishqjadhav/Desktop/Extractor/data/raw/189576183-34-ylat8x17-c1/ylat8x17-c1.txt,YLAT8X17-C1,90-20102023-019207,"YA-VA Intelligent Systems Co., Ltd.",,T-bolt A,T-bolt A YLAT8X17-C1,,,
189576715-34-gye12-krr-b,189576715-34-gye12-krr-b,/Users/tanishqjadhav/Desktop/Extractor/data/raw/189576715-34-gye12-krr-b/gye12-krr-b_640x480_front.png,front,/Users/tanishqjadhav/Desktop/Extractor/data/raw/189576715-34-gye12-krr-b/gye12-krr-b.txt,GYE12-KRR-B,90-10072026-051311,MICHAUD CHAILLY,,"P6-F/G ROULEMENT À BILLES AUTO-ALIGNEUR AVEC VIS DE BLOCAGE, BAGUE EXTÉRIEURE SPHÉRIQUE","P6-F/G ROULEMENT À BILLES AUTO-ALIGNEUR AVEC VIS DE BLOCAGE, BAGUE EXTÉRIEURE SPHÉRIQUE - GYE12-KRR-B",,,
189576715-34-gye12-krr-b,189576715-34-gye12-krr-b,/Users/tanishqjadhav/Desktop/Extractor/data/raw/189576715-34-gye12-krr-b/gye12-krr-b_640x480_right.png,right,/Users/tanishqjadhav/Desktop/Extractor/data/raw/189576715-34-gye12-krr-b/gye12-krr-b.txt,GYE12-KRR-B,90-10072026-051311,MICHAUD CHAILLY,,"P6-F/G ROULEMENT À BILLES AUTO-ALIGNEUR AVEC VIS DE BLOCAGE, BAGUE EXTÉRIEURE SPHÉRIQUE","P6-F/G ROULEMENT À BILLES AUTO-ALIGNEUR AVEC VIS DE BLOCAGE, BAGUE EXTÉRIEURE SPHÉRIQUE - GYE12-KRR-B",,,
189576715-34-gye12-krr-b,189576715-34-gye12-krr-b,/Users/tanishqjadhav/Desktop/Extractor/data/raw/189576715-34-gye12-krr-b/gye12-krr-b_640x480_left.png,left,/Users/tanishqjadhav/Desktop/Extractor/data/raw/189576715-34-gye12-krr-b/gye12-krr-b.txt,GYE12-KRR-B,90-10072026-051311,MICHAUD CHAILLY,,"P6-F/G ROULEMENT À BILLES AUTO-ALIGNEUR AVEC VIS DE BLOCAGE, BAGUE EXTÉRIEURE SPHÉRIQUE","P6-F/G ROULEMENT À BILLES AUTO-ALIGNEUR AVEC VIS DE BLOCAGE, BAGUE EXTÉRIEURE SPHÉRIQUE - GYE12-KRR-B",,,
189576715-34-gye12-krr-b,189576715-34-gye12-krr-b,/Users/tanishqjadhav/Desktop/Extractor/data/raw/189576715-34-gye12-krr-b/gye12-krr-b_640x480_back.png,back,/Users/tanishqjadhav/Desktop/Extractor/data/raw/189576715-34-gye12-krr-b/gye12-krr-b.txt,GYE12-KRR-B,90-10072026-051311,MICHAUD CHAILLY,,"P6-F/G ROULEMENT À BILLES AUTO-ALIGNEUR AVEC VIS DE BLOCAGE, BAGUE EXTÉRIEURE SPHÉRIQUE","P6-F/G ROULEMENT À BILLES AUTO-ALIGNEUR AVEC VIS DE BLOCAGE, BAGUE EXTÉRIEURE SPHÉRIQUE - GYE12-KRR-B",,,
189576715-34-gye12-krr-b,189576715-34-gye12-krr-b,/Users/tanishqjadhav/Desktop/Extractor/data/raw/189576715-34-gye12-krr-b/gye12-krr-b_640x480_bottom.png,bottom,/Users/tanishqjadhav/Desktop/Extractor/data/raw/189576715-34-gye12-krr-b/gye12-krr-b.txt,GYE12-KRR-B,90-10072026-051311,MICHAUD CHAILLY,,"P6-F/G ROULEMENT À BILLES AUTO-ALIGNEUR AVEC VIS DE BLOCAGE, BAGUE EXTÉRIEURE SPHÉRIQUE","P6-F/G ROULEMENT À BILLES AUTO-ALIGNEUR AVEC VIS DE BLOCAGE, BAGUE EXTÉRIEURE SPHÉRIQUE - GYE12-KRR-B",,,
189576715-34-gye12-krr-b,189576715-34-gye12-krr-b,/Users/tanishqjadhav/Desktop/Extractor/data/raw/189576715-34-gye12-krr-b/gye12-krr-b_640x480_iso.png,iso,/Users/tanishqjadhav/Desktop/Extractor/data/raw/189576715-34-gye12-krr-b/gye12-krr-b.txt,GYE12-KRR-B,90-10072026-051311,MICHAUD CHAILLY,,"P6-F/G ROULEMENT À BILLES AUTO-ALIGNEUR AVEC VIS DE BLOCAGE, BAGUE EXTÉRIEURE SPHÉRIQUE","P6-F/G ROULEMENT À BILLES AUTO-ALIGNEUR AVEC VIS DE BLOCAGE, BAGUE EXTÉRIEURE SPHÉRIQUE - GYE12-KRR-B",,,
189576715-34-gye12-krr-b,189576715-34-gye12-krr-b,/Users/tanishqjadhav/Desktop/Extractor/data/raw/189576715-34-gye12-krr-b/gye12-krr-b_640x480_top.png,top,/Users/tanishqjadhav/Desktop/Extractor/data/raw/189576715-34-gye12-krr-b/gye12-krr-b.txt,GYE12-KRR-B,90-10072026-051311,MICHAUD CHAILLY,,"P6-F/G ROULEMENT À BILLES AUTO-ALIGNEUR AVEC VIS DE BLOCAGE, BAGUE EXTÉRIEURE SPHÉRIQUE","P6-F/G ROULEMENT À BILLES AUTO-ALIGNEUR AVEC VIS DE BLOCAGE, BAGUE EXTÉRIEURE SPHÉRIQUE - GYE12-KRR-B",,,
189576516-34-64771001,189576516-34-64771001,/Users/tanishqjadhav/Desktop/Extractor/data/raw/189576516-34-64771001/64771001_640x480_top.png,top,/Users/tanishqjadhav/Desktop/Extractor/data/raw/189576516-34-64771001/64771001.txt,64771001,90-12032024-044339,MÄDLER GmbH,,"Angular Contact Ball Bearings SKF ®, Single Row, inner diameter 10 - 30 mm","SKF angular contact ball bearing 7200 BEP, single row, inner Ø 10mm, outer Ø 30mm, width 9mm",,,
189576516-34-64771001,189576516-34-64771001,/Users/tanishqjadhav/Desktop/Extractor/data/raw/189576516-34-64771001/64771001_640x480_left.png,left,/Users/tanishqjadhav/Desktop/Extractor/data/raw/189576516-34-64771001/64771001.txt,64771001,90-12032024-044339,MÄDLER GmbH,,"Angular Contact Ball Bearings SKF ®, Single Row, inner diameter 10 - 30 mm","SKF angular contact ball bearing 7200 BEP, single row, inner Ø 10mm, outer Ø 30mm, width 9mm",,,
189576516-34-64771001,189576516-34-64771001,/Users/tanishqjadhav/Desktop/Extractor/data/raw/189576516-34-64771001/64771001_640x480_front.png,front,/Users/tanishqjadhav/Desktop/Extractor/data/raw/189576516-34-64771001/64771001.txt,64771001,90-12032024-044339,MÄDLER GmbH,,"Angular Contact Ball Bearings SKF ®, Single Row, inner diameter 10 - 30 mm","SKF angular contact ball bearing 7200 BEP, single row, inner Ø 10mm, outer Ø 30mm, width 9mm",,,
189576516-34-64771001,189576516-34-64771001,/Users/tanishqjadhav/Desktop/Extractor/data/raw/189576516-34-64771001/64771001_640x480_right.png,right,/Users/tanishqjadhav/Desktop/Extractor/data/raw/189576516-34-64771001/64771001.txt,64771001,90-12032024-044339,MÄDLER GmbH,,"Angular Contact Ball Bearings SKF ®, Single Row, inner diameter 10 - 30 mm","SKF angular contact ball bearing 7200 BEP, single row, inner Ø 10mm, outer Ø 30mm, width 9mm",,,
189576516-34-64771001,189576516-34-64771001,/Users/tanishqjadhav/Desktop/Extractor/data/raw/189576516-34-64771001/64771001_640x480_iso.png,iso,/Users/tanishqjadhav/Desktop/Extractor/data/raw/189576516-34-64771001/64771001.txt,64771001,90-12032024-044339,MÄDLER GmbH,,"Angular Contact Ball Bearings SKF ®, Single Row, inner diameter 10 - 30 mm","SKF angular contact ball bearing 7200 BEP, single row, inner Ø 10mm, outer Ø 30mm, width 9mm",,,
189576516-34-64771001,189576516-34-64771001,/Users/tanishqjadhav/Desktop/Extractor/data/raw/189576516-34-64771001/64771001_640x480_bottom.png,bottom,/Users/tanishqjadhav/Desktop/Extractor/data/raw/189576516-34-64771001/64771001.txt,64771001,90-12032024-044339,MÄDLER GmbH,,"Angular Contact Ball Bearings SKF ®, Single Row, inner diameter 10 - 30 mm","SKF angular contact ball bearing 7200 BEP, single row, inner Ø 10mm, outer Ø 30mm, width 9mm",,,
189576516-34-64771001,189576516-34-64771001,/Users/tanishqjadhav/Desktop/Extractor/data/raw/189576516-34-64771001/64771001_640x480_back.png,back,/Users/tanishqjadhav/Desktop/Extractor/data/raw/189576516-34-64771001/64771001.txt,64771001,90-12032024-044339,MÄDLER GmbH,,"Angular Contact Ball Bearings SKF ®, Single Row, inner diameter 10 - 30 mm","SKF angular contact ball bearing 7200 BEP, single row, inner Ø 10mm, outer Ø 30mm, width 9mm",,,
189576353-34-ebdb3-3-3,189576353-34-ebdb3-3-3,/Users/tanishqjadhav/Desktop/Extractor/data/raw/189576353-34-ebdb3-3-3/ebdb3-3-3_640x480_top.png,top,/Users/tanishqjadhav/Desktop/Extractor/data/raw/189576353-34-ebdb3-3-3/ebdb3-3-3.txt,EBDB3-3-3,80-09122021-082282,"ZKH Industrial Supply Co., Ltd.",,Axle Pin Bolt EBDB/EBDS,Axle Pin Bolt EBDB3-3-3,,,
189576353-34-ebdb3-3-3,189576353-34-ebdb3-3-3,/Users/tanishqjadhav/Desktop/Extractor/data/raw/189576353-34-ebdb3-3-3/ebdb3-3-3_640x480_iso.png,iso,/Users/tanishqjadhav/Desktop/Extractor/data/raw/189576353-34-ebdb3-3-3/ebdb3-3-3.txt,EBDB3-3-3,80-09122021-082282,"ZKH Industrial Supply Co., Ltd.",,Axle Pin Bolt EBDB/EBDS,Axle Pin Bolt EBDB3-3-3,,,
189576353-34-ebdb3-3-3,189576353-34-ebdb3-3-3,/Users/tanishqjadhav/Desktop/Extractor/data/raw/189576353-34-ebdb3-3-3/ebdb3-3-3_640x480_front.png,front,/Users/tanishqjadhav/Desktop/Extractor/data/raw/189576353-34-ebdb3-3-3/ebdb3-3-3.txt,EBDB3-3-3,80-09122021-082282,"ZKH Industrial Supply Co., Ltd.",,Axle Pin Bolt EBDB/EBDS,Axle Pin Bolt EBDB3-3-3,,,
189576353-34-ebdb3-3-3,189576353-34-ebdb3-3-3,/Users/tanishqjadhav/Desktop/Extractor/data/raw/189576353-34-ebdb3-3-3/ebdb3-3-3_640x480_right.png,right,/Users/tanishqjadhav/Desktop/Extractor/data/raw/189576353-34-ebdb3-3-3/ebdb3-3-3.txt,EBDB3-3-3,80-09122021-082282,"ZKH Industrial Supply Co., Ltd.",,Axle Pin Bolt EBDB/EBDS,Axle Pin Bolt EBDB3-3-3,,,
189576353-34-ebdb3-3-3,189576353-34-ebdb3-3-3,/Users/tanishqjadhav/Desktop/Extractor/data/raw/189576353-34-ebdb3-3-3/ebdb3-3-3_640x480_bottom.png,bottom,/Users/tanishqjadhav/Desktop/Extractor/data/raw/189576353-34-ebdb3-3-3/ebdb3-3-3.txt,EBDB3-3-3,80-09122021-082282,"ZKH Industrial Supply Co., Ltd.",,Axle Pin Bolt EBDB/EBDS,Axle Pin Bolt EBDB3-3-3,,,
189576353-34-ebdb3-3-3,189576353-34-ebdb3-3-3,/Users/tanishqjadhav/Desktop/Extractor/data/raw/189576353-34-ebdb3-3-3/ebdb3-3-3_640x480_back.png,back,/Users/tanishqjadhav/Desktop/Extractor/data/raw/189576353-34-ebdb3-3-3/ebdb3-3-3.txt,EBDB3-3-3,80-09122021-082282,"ZKH Industrial Supply Co., Ltd.",,Axle Pin Bolt EBDB/EBDS,Axle Pin Bolt EBDB3-3-3,,,
189576353-34-ebdb3-3-3,189576353-34-ebdb3-3-3,/Users/tanishqjadhav/Desktop/Extractor/data/raw/189576353-34-ebdb3-3-3/ebdb3-3-3_640x480_left.png,left,/Users/tanishqjadhav/Desktop/Extractor/data/raw/189576353-34-ebdb3-3-3/ebdb3-3-3.txt,EBDB3-3-3,80-09122021-082282,"ZKH Industrial Supply Co., Ltd.",,Axle Pin Bolt EBDB/EBDS,Axle Pin Bolt EBDB3-3-3,,,
189576270-34-bolt_din_261-m8x30,189576270-34-bolt_din_261-m8x30,/Users/tanishqjadhav/Desktop/Extractor/data/raw/189576270-34-bolt_din_261-m8x30/bolt_din_261-m8x30_640x480_back.png,back,/Users/tanishqjadhav/Desktop/Extractor/data/raw/189576270-34-bolt_din_261-m8x30/bolt_din_261-m8x30.txt,DIN 261 - d M8 x l 30,10-11062001-202053,,,T-head bolts,T-head bolt DIN 261 - M8 x 30,,,
189576270-34-bolt_din_261-m8x30,189576270-34-bolt_din_261-m8x30,/Users/tanishqjadhav/Desktop/Extractor/data/raw/189576270-34-bolt_din_261-m8x30/bolt_din_261-m8x30_640x480_top.png,top,/Users/tanishqjadhav/Desktop/Extractor/data/raw/189576270-34-bolt_din_261-m8x30/bolt_din_261-m8x30.txt,DIN 261 - d M8 x l 30,10-11062001-202053,,,T-head bolts,T-head bolt DIN 261 - M8 x 30,,,
189576270-34-bolt_din_261-m8x30,189576270-34-bolt_din_261-m8x30,/Users/tanishqjadhav/Desktop/Extractor/data/raw/189576270-34-bolt_din_261-m8x30/bolt_din_261-m8x30_640x480_right.png,right,/Users/tanishqjadhav/Desktop/Extractor/data/raw/189576270-34-bolt_din_261-m8x30/bolt_din_261-m8x30.txt,DIN 261 - d M8 x l 30,10-11062001-202053,,,T-head bolts,T-head bolt DIN 261 - M8 x 30,,,
189576270-34-bolt_din_261-m8x30,189576270-34-bolt_din_261-m8x30,/Users/tanishqjadhav/Desktop/Extractor/data/raw/189576270-34-bolt_din_261-m8x30/bolt_din_261-m8x30_640x480_front.png,front,/Users/tanishqjadhav/Desktop/Extractor/data/raw/189576270-34-bolt_din_261-m8x30/bolt_din_261-m8x30.txt,DIN 261 - d M8 x l 30,10-11062001-202053,,,T-head bolts,T-head bolt DIN 261 - M8 x 30,,,
189576270-34-bolt_din_261-m8x30,189576270-34-bolt_din_261-m8x30,/Users/tanishqjadhav/Desktop/Extractor/data/raw/189576270-34-bolt_din_261-m8x30/bolt_din_261-m8x30_640x480_bottom.png,bottom,/Users/tanishqjadhav/Desktop/Extractor/data/raw/189576270-34-bolt_din_261-m8x30/bolt_din_261-m8x30.txt,DIN 261 - d M8 x l 30,10-11062001-202053,,,T-head bolts,T-head bolt DIN 261 - M8 x 30,,,
189576270-34-bolt_din_261-m8x30,189576270-34-bolt_din_261-m8x30,/Users/tanishqjadhav/Desktop/Extractor/data/raw/189576270-34-bolt_din_261-m8x30/bolt_din_261-m8x30_640x480_left.png,left,/Users/tanishqjadhav/Desktop/Extractor/data/raw/189576270-34-bolt_din_261-m8x30/bolt_din_261-m8x30.txt,DIN 261 - d M8 x l 30,10-11062001-202053,,,T-head bolts,T-head bolt DIN 261 - M8 x 30,,,
189576270-34-bolt_din_261-m8x30,189576270-34-bolt_din_261-m8x30,/Users/tanishqjadhav/Desktop/Extractor/data/raw/189576270-34-bolt_din_261-m8x30/bolt_din_261-m8x30_640x480_iso.png,iso,/Users/tanishqjadhav/Desktop/Extractor/data/raw/189576270-34-bolt_din_261-m8x30/bolt_din_261-m8x30.txt,DIN 261 - d M8 x l 30,10-11062001-202053,,,T-head bolts,T-head bolt DIN 261 - M8 x 30,,,
189576545-34-1204,189576545-34-1204,/Users/tanishqjadhav/Desktop/Extractor/data/raw/189576545-34-1204/1204_640x480_left.png,left,/Users/tanishqjadhav/Desktop/Extractor/data/raw/189576545-34-1204/1204.txt,1204,90-26102021-037938,ecmu csr,,1200,"roulement à rotule sur billes, alésage cylindrique",,,
189576545-34-1204,189576545-34-1204,/Users/tanishqjadhav/Desktop/Extractor/data/raw/189576545-34-1204/1204_640x480_bottom.png,bottom,/Users/tanishqjadhav/Desktop/Extractor/data/raw/189576545-34-1204/1204.txt,1204,90-26102021-037938,ecmu csr,,1200,"roulement à rotule sur billes, alésage cylindrique",,,
189576545-34-1204,189576545-34-1204,/Users/tanishqjadhav/Desktop/Extractor/data/raw/189576545-34-1204/1204_640x480_back.png,back,/Users/tanishqjadhav/Desktop/Extractor/data/raw/189576545-34-1204/1204.txt,1204,90-26102021-037938,ecmu csr,,1200,"roulement à rotule sur billes, alésage cylindrique",,,
189576545-34-1204,189576545-34-1204,/Users/tanishqjadhav/Desktop/Extractor/data/raw/189576545-34-1204/1204_640x480_right.png,right,/Users/tanishqjadhav/Desktop/Extractor/data/raw/189576545-34-1204/1204.txt,1204,90-26102021-037938,ecmu csr,,1200,"roulement à rotule sur billes, alésage cylindrique",,,
189576545-34-1204,189576545-34-1204,/Users/tanishqjadhav/Desktop/Extractor/data/raw/189576545-34-1204/1204_640x480_front.png,front,/Users/tanishqjadhav/Desktop/Extractor/data/raw/189576545-34-1204/1204.txt,1204,90-26102021-037938,ecmu csr,,1200,"roulement à rotule sur billes, alésage cylindrique",,,
189576545-34-1204,189576545-34-1204,/Users/tanishqjadhav/Desktop/Extractor/data/raw/189576545-34-1204/1204_640x480_top.png,top,/Users/tanishqjadhav/Desktop/Extractor/data/raw/189576545-34-1204/1204.txt,1204,90-26102021-037938,ecmu csr,,1200,"roulement à rotule sur billes, alésage cylindrique",,,
189576545-34-1204,189576545-34-1204,/Users/tanishqjadhav/Desktop/Extractor/data/raw/189576545-34-1204/1204_640x480_iso.png,iso,/Users/tanishqjadhav/Desktop/Extractor/data/raw/189576545-34-1204/1204.txt,1204,90-26102021-037938,ecmu csr,,1200,"roulement à rotule sur billes, alésage cylindrique",,,
189576725-34-ptue20,189576725-34-ptue20,/Users/tanishqjadhav/Desktop/Extractor/data/raw/189576725-34-ptue20/ptue20_640x480_left.png,left,/Users/tanishqjadhav/Desktop/Extractor/data/raw/189576725-34-ptue20/ptue20.txt,PTUE20,90-09072026-028207,MICHAUD CHAILLY,,P7-13E COULISSEAU TENDEUR EN FONTE AVEC SERRAGE PAR BAGUE EXCENTRIQUE,P7-13E COULISSEAU TENDEUR EN FONTE AVEC SERRAGE PAR BAGUE EXCENTRIQUE - PTUE20,,,
189576725-34-ptue20,189576725-34-ptue20,/Users/tanishqjadhav/Desktop/Extractor/data/raw/189576725-34-ptue20/ptue20_640x480_iso.png,iso,/Users/tanishqjadhav/Desktop/Extractor/data/raw/189576725-34-ptue20/ptue20.txt,PTUE20,90-09072026-028207,MICHAUD CHAILLY,,P7-13E COULISSEAU TENDEUR EN FONTE AVEC SERRAGE PAR BAGUE EXCENTRIQUE,P7-13E COULISSEAU TENDEUR EN FONTE AVEC SERRAGE PAR BAGUE EXCENTRIQUE - PTUE20,,,
189576725-34-ptue20,189576725-34-ptue20,/Users/tanishqjadhav/Desktop/Extractor/data/raw/189576725-34-ptue20/ptue20_640x480_bottom.png,bottom,/Users/tanishqjadhav/Desktop/Extractor/data/raw/189576725-34-ptue20/ptue20.txt,PTUE20,90-09072026-028207,MICHAUD CHAILLY,,P7-13E COULISSEAU TENDEUR EN FONTE AVEC SERRAGE PAR BAGUE EXCENTRIQUE,P7-13E COULISSEAU TENDEUR EN FONTE AVEC SERRAGE PAR BAGUE EXCENTRIQUE - PTUE20,,,
189576725-34-ptue20,189576725-34-ptue20,/Users/tanishqjadhav/Desktop/Extractor/data/raw/189576725-34-ptue20/ptue20_640x480_right.png,right,/Users/tanishqjadhav/Desktop/Extractor/data/raw/189576725-34-ptue20/ptue20.txt,PTUE20,90-09072026-028207,MICHAUD CHAILLY,,P7-13E COULISSEAU TENDEUR EN FONTE AVEC SERRAGE PAR BAGUE EXCENTRIQUE,P7-13E COULISSEAU TENDEUR EN FONTE AVEC SERRAGE PAR BAGUE EXCENTRIQUE - PTUE20,,,
189576725-34-ptue20,189576725-34-ptue20,/Users/tanishqjadhav/Desktop/Extractor/data/raw/189576725-34-ptue20/ptue20_640x480_front.png,front,/Users/tanishqjadhav/Desktop/Extractor/data/raw/189576725-34-ptue20/ptue20.txt,PTUE20,90-09072026-028207,MICHAUD CHAILLY,,P7-13E COULISSEAU TENDEUR EN FONTE AVEC SERRAGE PAR BAGUE EXCENTRIQUE,P7-13E COULISSEAU TENDEUR EN FONTE AVEC SERRAGE PAR BAGUE EXCENTRIQUE - PTUE20,,,
189576725-34-ptue20,189576725-34-ptue20,/Users/tanishqjadhav/Desktop/Extractor/data/raw/189576725-34-ptue20/ptue20_640x480_top.png,top,/Users/tanishqjadhav/Desktop/Extractor/data/raw/189576725-34-ptue20/ptue20.txt,PTUE20,90-09072026-028207,MICHAUD CHAILLY,,P7-13E COULISSEAU TENDEUR EN FONTE AVEC SERRAGE PAR BAGUE EXCENTRIQUE,P7-13E COULISSEAU TENDEUR EN FONTE AVEC SERRAGE PAR BAGUE EXCENTRIQUE - PTUE20,,,
189576725-34-ptue20,189576725-34-ptue20,/Users/tanishqjadhav/Desktop/Extractor/data/raw/189576725-34-ptue20/ptue20_640x480_back.png,back,/Users/tanishqjadhav/Desktop/Extractor/data/raw/189576725-34-ptue20/ptue20.txt,PTUE20,90-09072026-028207,MICHAUD CHAILLY,,P7-13E COULISSEAU TENDEUR EN FONTE AVEC SERRAGE PAR BAGUE EXCENTRIQUE,P7-13E COULISSEAU TENDEUR EN FONTE AVEC SERRAGE PAR BAGUE EXCENTRIQUE - PTUE20,,,
189576295-34-n6-30m6,189576295-34-n6-30m6,/Users/tanishqjadhav/Desktop/Extractor/data/raw/189576295-34-n6-30m6/n6-30m6_640x480_top.png,top,/Users/tanishqjadhav/Desktop/Extractor/data/raw/189576295-34-n6-30m6/n6-30m6.txt,N6-30M6,27-05584701-945889,AMODULAR,,6 Series-Screw cap N6-30M6,6 Series-Screw cap N6-30M6,,,
189576295-34-n6-30m6,189576295-34-n6-30m6,/Users/tanishqjadhav/Desktop/Extractor/data/raw/189576295-34-n6-30m6/n6-30m6_640x480_iso.png,iso,/Users/tanishqjadhav/Desktop/Extractor/data/raw/189576295-34-n6-30m6/n6-30m6.txt,N6-30M6,27-05584701-945889,AMODULAR,,6 Series-Screw cap N6-30M6,6 Series-Screw cap N6-30M6,,,
189576295-34-n6-30m6,189576295-34-n6-30m6,/Users/tanishqjadhav/Desktop/Extractor/data/raw/189576295-34-n6-30m6/n6-30m6_640x480_left.png,left,/Users/tanishqjadhav/Desktop/Extractor/data/raw/189576295-34-n6-30m6/n6-30m6.txt,N6-30M6,27-05584701-945889,AMODULAR,,6 Series-Screw cap N6-30M6,6 Series-Screw cap N6-30M6,,,
189576295-34-n6-30m6,189576295-34-n6-30m6,/Users/tanishqjadhav/Desktop/Extractor/data/raw/189576295-34-n6-30m6/n6-30m6_640x480_bottom.png,bottom,/Users/tanishqjadhav/Desktop/Extractor/data/raw/189576295-34-n6-30m6/n6-30m6.txt,N6-30M6,27-05584701-945889,AMODULAR,,6 Series-Screw cap N6-30M6,6 Series-Screw cap N6-30M6,,,
189576295-34-n6-30m6,189576295-34-n6-30m6,/Users/tanishqjadhav/Desktop/Extractor/data/raw/189576295-34-n6-30m6/n6-30m6_640x480_front.png,front,/Users/tanishqjadhav/Desktop/Extractor/data/raw/189576295-34-n6-30m6/n6-30m6.txt,N6-30M6,27-05584701-945889,AMODULAR,,6 Series-Screw cap N6-30M6,6 Series-Screw cap N6-30M6,,,
189576295-34-n6-30m6,189576295-34-n6-30m6,/Users/tanishqjadhav/Desktop/Extractor/data/raw/189576295-34-n6-30m6/n6-30m6_640x480_right.png,right,/Users/tanishqjadhav/Desktop/Extractor/data/raw/189576295-34-n6-30m6/n6-30m6.txt,N6-30M6,27-05584701-945889,AMODULAR,,6 Series-Screw cap N6-30M6,6 Series-Screw cap N6-30M6,,,
189576295-34-n6-30m6,189576295-34-n6-30m6,/Users/tanishqjadhav/Desktop/Extractor/data/raw/189576295-34-n6-30m6/n6-30m6_640x480_back.png,back,/Users/tanishqjadhav/Desktop/Extractor/data/raw/189576295-34-n6-30m6/n6-30m6.txt,N6-30M6,27-05584701-945889,AMODULAR,,6 Series-Screw cap N6-30M6,6 Series-Screw cap N6-30M6,,,
189576369-34-ebtf3,189576369-34-ebtf3,/Users/tanishqjadhav/Desktop/Extractor/data/raw/189576369-34-ebtf3/ebtf3_640x480_bottom.png,bottom,/Users/tanishqjadhav/Desktop/Extractor/data/raw/189576369-34-ebtf3/ebtf3.txt,EBTF3,80-09122021-080965,"ZKH Industrial Supply Co., Ltd.",,Cap Nut EBTF,Cap Nut EBTF3,,,
189576369-34-ebtf3,189576369-34-ebtf3,/Users/tanishqjadhav/Desktop/Extractor/data/raw/189576369-34-ebtf3/ebtf3_640x480_left.png,left,/Users/tanishqjadhav/Desktop/Extractor/data/raw/189576369-34-ebtf3/ebtf3.txt,EBTF3,80-09122021-080965,"ZKH Industrial Supply Co., Ltd.",,Cap Nut EBTF,Cap Nut EBTF3,,,
189576369-34-ebtf3,189576369-34-ebtf3,/Users/tanishqjadhav/Desktop/Extractor/data/raw/189576369-34-ebtf3/ebtf3_640x480_iso.png,iso,/Users/tanishqjadhav/Desktop/Extractor/data/raw/189576369-34-ebtf3/ebtf3.txt,EBTF3,80-09122021-080965,"ZKH Industrial Supply Co., Ltd.",,Cap Nut EBTF,Cap Nut EBTF3,,,
189576369-34-ebtf3,189576369-34-ebtf3,/Users/tanishqjadhav/Desktop/Extractor/data/raw/189576369-34-ebtf3/ebtf3_640x480_front.png,front,/Users/tanishqjadhav/Desktop/Extractor/data/raw/189576369-34-ebtf3/ebtf3.txt,EBTF3,80-09122021-080965,"ZKH Industrial Supply Co., Ltd.",,Cap Nut EBTF,Cap Nut EBTF3,,,
189576369-34-ebtf3,189576369-34-ebtf3,/Users/tanishqjadhav/Desktop/Extractor/data/raw/189576369-34-ebtf3/ebtf3_640x480_right.png,right,/Users/tanishqjadhav/Desktop/Extractor/data/raw/189576369-34-ebtf3/ebtf3.txt,EBTF3,80-09122021-080965,"ZKH Industrial Supply Co., Ltd.",,Cap Nut EBTF,Cap Nut EBTF3,,,
189576369-34-ebtf3,189576369-34-ebtf3,/Users/tanishqjadhav/Desktop/Extractor/data/raw/189576369-34-ebtf3/ebtf3_640x480_top.png,top,/Users/tanishqjadhav/Desktop/Extractor/data/raw/189576369-34-ebtf3/ebtf3.txt,EBTF3,80-09122021-080965,"ZKH Industrial Supply Co., Ltd.",,Cap Nut EBTF,Cap Nut EBTF3,,,
189576369-34-ebtf3,189576369-34-ebtf3,/Users/tanishqjadhav/Desktop/Extractor/data/raw/189576369-34-ebtf3/ebtf3_640x480_back.png,back,/Users/tanishqjadhav/Desktop/Extractor/data/raw/189576369-34-ebtf3/ebtf3.txt,EBTF3,80-09122021-080965,"ZKH Industrial Supply Co., Ltd.",,Cap Nut EBTF,Cap Nut EBTF3,,,
189576350-34-ebnld3,189576350-34-ebnld3,/Users/tanishqjadhav/Desktop/Extractor/data/raw/189576350-34-ebnld3/ebnld3_640x480_back.png,back,/Users/tanishqjadhav/Desktop/Extractor/data/raw/189576350-34-ebnld3/ebnld3.txt,EBNLD3,80-09122021-082339,"ZKH Industrial Supply Co., Ltd.",,Anti Loosen Washer EBNLD,Anti Loosen Washer EBNLD3,,,
189576350-34-ebnld3,189576350-34-ebnld3,/Users/tanishqjadhav/Desktop/Extractor/data/raw/189576350-34-ebnld3/ebnld3_640x480_left.png,left,/Users/tanishqjadhav/Desktop/Extractor/data/raw/189576350-34-ebnld3/ebnld3.txt,EBNLD3,80-09122021-082339,"ZKH Industrial Supply Co., Ltd.",,Anti Loosen Washer EBNLD,Anti Loosen Washer EBNLD3,,,
189576350-34-ebnld3,189576350-34-ebnld3,/Users/tanishqjadhav/Desktop/Extractor/data/raw/189576350-34-ebnld3/ebnld3_640x480_top.png,top,/Users/tanishqjadhav/Desktop/Extractor/data/raw/189576350-34-ebnld3/ebnld3.txt,EBNLD3,80-09122021-082339,"ZKH Industrial Supply Co., Ltd.",,Anti Loosen Washer EBNLD,Anti Loosen Washer EBNLD3,,,
189576350-34-ebnld3,189576350-34-ebnld3,/Users/tanishqjadhav/Desktop/Extractor/data/raw/189576350-34-ebnld3/ebnld3_640x480_bottom.png,bottom,/Users/tanishqjadhav/Desktop/Extractor/data/raw/189576350-34-ebnld3/ebnld3.txt,EBNLD3,80-09122021-082339,"ZKH Industrial Supply Co., Ltd.",,Anti Loosen Washer EBNLD,Anti Loosen Washer EBNLD3,,,
189576350-34-ebnld3,189576350-34-ebnld3,/Users/tanishqjadhav/Desktop/Extractor/data/raw/189576350-34-ebnld3/ebnld3_640x480_iso.png,iso,/Users/tanishqjadhav/Desktop/Extractor/data/raw/189576350-34-ebnld3/ebnld3.txt,EBNLD3,80-09122021-082339,"ZKH Industrial Supply Co., Ltd.",,Anti Loosen Washer EBNLD,Anti Loosen Washer EBNLD3,,,
189576350-34-ebnld3,189576350-34-ebnld3,/Users/tanishqjadhav/Desktop/Extractor/data/raw/189576350-34-ebnld3/ebnld3_640x480_right.png,right,/Users/tanishqjadhav/Desktop/Extractor/data/raw/189576350-34-ebnld3/ebnld3.txt,EBNLD3,80-09122021-082339,"ZKH Industrial Supply Co., Ltd.",,Anti Loosen Washer EBNLD,Anti Loosen Washer EBNLD3,,,
189576350-34-ebnld3,189576350-34-ebnld3,/Users/tanishqjadhav/Desktop/Extractor/data/raw/189576350-34-ebnld3/ebnld3_640x480_front.png,front,/Users/tanishqjadhav/Desktop/Extractor/data/raw/189576350-34-ebnld3/ebnld3.txt,EBNLD3,80-09122021-082339,"ZKH Industrial Supply Co., Ltd.",,Anti Loosen Washer EBNLD,Anti Loosen Washer EBNLD3,,,
FYTB - T-Shaped Bolts,FYTB - T-Shaped Bolts,/Users/tanishqjadhav/Desktop/Extractor/data/raw/FYTB - T-Shaped Bolts/bolt_fytb8_640x480_bottom.png,bottom,/Users/tanishqjadhav/Desktop/Extractor/data/raw/FYTB - T-Shaped Bolts/bolt_fytb8.txt,FYTB8,10-18012019-087227,"Dongguan Forrun Hardware Co., Ltd.",,FYTB - T-Shaped Bolts,T-Shaped Bolts - FYTB8,,,
FYTB - T-Shaped Bolts,FYTB - T-Shaped Bolts,/Users/tanishqjadhav/Desktop/Extractor/data/raw/FYTB - T-Shaped Bolts/bolt_fytb8_640x480_back.png,back,/Users/tanishqjadhav/Desktop/Extractor/data/raw/FYTB - T-Shaped Bolts/bolt_fytb8.txt,FYTB8,10-18012019-087227,"Dongguan Forrun Hardware Co., Ltd.",,FYTB - T-Shaped Bolts,T-Shaped Bolts - FYTB8,,,
FYTB - T-Shaped Bolts,FYTB - T-Shaped Bolts,/Users/tanishqjadhav/Desktop/Extractor/data/raw/FYTB - T-Shaped Bolts/bolt_fytb8_640x480_front.png,front,/Users/tanishqjadhav/Desktop/Extractor/data/raw/FYTB - T-Shaped Bolts/bolt_fytb8.txt,FYTB8,10-18012019-087227,"Dongguan Forrun Hardware Co., Ltd.",,FYTB - T-Shaped Bolts,T-Shaped Bolts - FYTB8,,,
FYTB - T-Shaped Bolts,FYTB - T-Shaped Bolts,/Users/tanishqjadhav/Desktop/Extractor/data/raw/FYTB - T-Shaped Bolts/bolt_fytb8_640x480_right.png,right,/Users/tanishqjadhav/Desktop/Extractor/data/raw/FYTB - T-Shaped Bolts/bolt_fytb8.txt,FYTB8,10-18012019-087227,"Dongguan Forrun Hardware Co., Ltd.",,FYTB - T-Shaped Bolts,T-Shaped Bolts - FYTB8,,,
FYTB - T-Shaped Bolts,FYTB - T-Shaped Bolts,/Users/tanishqjadhav/Desktop/Extractor/data/raw/FYTB - T-Shaped Bolts/bolt_fytb8_640x480_left.png,left,/Users/tanishqjadhav/Desktop/Extractor/data/raw/FYTB - T-Shaped Bolts/bolt_fytb8.txt,FYTB8,10-18012019-087227,"Dongguan Forrun Hardware Co., Ltd.",,FYTB - T-Shaped Bolts,T-Shaped Bolts - FYTB8,,,
FYTB - T-Shaped Bolts,FYTB - T-Shaped Bolts,/Users/tanishqjadhav/Desktop/Extractor/data/raw/FYTB - T-Shaped Bolts/bolt_fytb8_640x480_iso.png,iso,/Users/tanishqjadhav/Desktop/Extractor/data/raw/FYTB - T-Shaped Bolts/bolt_fytb8.txt,FYTB8,10-18012019-087227,"Dongguan Forrun Hardware Co., Ltd.",,FYTB - T-Shaped Bolts,T-Shaped Bolts - FYTB8,,,
FYTB - T-Shaped Bolts,FYTB - T-Shaped Bolts,/Users/tanishqjadhav/Desktop/Extractor/data/raw/FYTB - T-Shaped Bolts/bolt_fytb8_640x480_top.png,top,/Users/tanishqjadhav/Desktop/Extractor/data/raw/FYTB - T-Shaped Bolts/bolt_fytb8.txt,FYTB8,10-18012019-087227,"Dongguan Forrun Hardware Co., Ltd.",,FYTB - T-Shaped Bolts,T-Shaped Bolts - FYTB8,,,
189576347-34-screw_093126__25,189576347-34-screw_093126__25,/Users/tanishqjadhav/Desktop/Extractor/data/raw/189576347-34-screw_093126__25/screw_093126__25_640x480_front.png,front,/Users/tanishqjadhav/Desktop/Extractor/data/raw/189576347-34-screw_093126__25/screw_093126__25.txt,093126  25,33-27092023-093149,Owlett-Jaton,,A2 - 304 St/St Hexagon Bolts DIN 931 - M6,A2 - 304 St/St Hexagon Bolts DIN 931 - M6 x 25,,,
189576347-34-screw_093126__25,189576347-34-screw_093126__25,/Users/tanishqjadhav/Desktop/Extractor/data/raw/189576347-34-screw_093126__25/screw_093126__25_640x480_right.png,right,/Users/tanishqjadhav/Desktop/Extractor/data/raw/189576347-34-screw_093126__25/screw_093126__25.txt,093126  25,33-27092023-093149,Owlett-Jaton,,A2 - 304 St/St Hexagon Bolts DIN 931 - M6,A2 - 304 St/St Hexagon Bolts DIN 931 - M6 x 25,,,
189576347-34-screw_093126__25,189576347-34-screw_093126__25,/Users/tanishqjadhav/Desktop/Extractor/data/raw/189576347-34-screw_093126__25/screw_093126__25_640x480_left.png,left,/Users/tanishqjadhav/Desktop/Extractor/data/raw/189576347-34-screw_093126__25/screw_093126__25.txt,093126  25,33-27092023-093149,Owlett-Jaton,,A2 - 304 St/St Hexagon Bolts DIN 931 - M6,A2 - 304 St/St Hexagon Bolts DIN 931 - M6 x 25,,,
189576347-34-screw_093126__25,189576347-34-screw_093126__25,/Users/tanishqjadhav/Desktop/Extractor/data/raw/189576347-34-screw_093126__25/screw_093126__25_640x480_bottom.png,bottom,/Users/tanishqjadhav/Desktop/Extractor/data/raw/189576347-34-screw_093126__25/screw_093126__25.txt,093126  25,33-27092023-093149,Owlett-Jaton,,A2 - 304 St/St Hexagon Bolts DIN 931 - M6,A2 - 304 St/St Hexagon Bolts DIN 931 - M6 x 25,,,
189576347-34-screw_093126__25,189576347-34-screw_093126__25,/Users/tanishqjadhav/Desktop/Extractor/data/raw/189576347-34-screw_093126__25/screw_093126__25_640x480_back.png,back,/Users/tanishqjadhav/Desktop/Extractor/data/raw/189576347-34-screw_093126__25/screw_093126__25.txt,093126  25,33-27092023-093149,Owlett-Jaton,,A2 - 304 St/St Hexagon Bolts DIN 931 - M6,A2 - 304 St/St Hexagon Bolts DIN 931 - M6 x 25,,,
189576347-34-screw_093126__25,189576347-34-screw_093126__25,/Users/tanishqjadhav/Desktop/Extractor/data/raw/189576347-34-screw_093126__25/screw_093126__25_640x480_top.png,top,/Users/tanishqjadhav/Desktop/Extractor/data/raw/189576347-34-screw_093126__25/screw_093126__25.txt,093126  25,33-27092023-093149,Owlett-Jaton,,A2 - 304 St/St Hexagon Bolts DIN 931 - M6,A2 - 304 St/St Hexagon Bolts DIN 931 - M6 x 25,,,
189576347-34-screw_093126__25,189576347-34-screw_093126__25,/Users/tanishqjadhav/Desktop/Extractor/data/raw/189576347-34-screw_093126__25/screw_093126__25_640x480_iso.png,iso,/Users/tanishqjadhav/Desktop/Extractor/data/raw/189576347-34-screw_093126__25/screw_093126__25.txt,093126  25,33-27092023-093149,Owlett-Jaton,,A2 - 304 St/St Hexagon Bolts DIN 931 - M6,A2 - 304 St/St Hexagon Bolts DIN 931 - M6 x 25,,,
189576337-34-screw_hx025872,189576337-34-screw_hx025872,/Users/tanishqjadhav/Desktop/Extractor/data/raw/189576337-34-screw_hx025872/screw_hx025872_640x480_iso.png,iso,/Users/tanishqjadhav/Desktop/Extractor/data/raw/189576337-34-screw_hx025872/screw_hx025872.txt,HX025872,33-21092023-091948,Owlett-Jaton,,A2 - 304 St/St Coach Screws Hexagon Head DIN 571 - M10,A2 - 304 St/St Coach Screws Hexagon Head DIN 571 - M10 x 50,,,
189576337-34-screw_hx025872,189576337-34-screw_hx025872,/Users/tanishqjadhav/Desktop/Extractor/data/raw/189576337-34-screw_hx025872/screw_hx025872_640x480_top.png,top,/Users/tanishqjadhav/Desktop/Extractor/data/raw/189576337-34-screw_hx025872/screw_hx025872.txt,HX025872,33-21092023-091948,Owlett-Jaton,,A2 - 304 St/St Coach Screws Hexagon Head DIN 571 - M10,A2 - 304 St/St Coach Screws Hexagon Head DIN 571 - M10 x 50,,,
189576337-34-screw_hx025872,189576337-34-screw_hx025872,/Users/tanishqjadhav/Desktop/Extractor/data/raw/189576337-34-screw_hx025872/screw_hx025872_640x480_right.png,right,/Users/tanishqjadhav/Desktop/Extractor/data/raw/189576337-34-screw_hx025872/screw_hx025872.txt,HX025872,33-21092023-091948,Owlett-Jaton,,A2 - 304 St/St Coach Screws Hexagon Head DIN 571 - M10,A2 - 304 St/St Coach Screws Hexagon Head DIN 571 - M10 x 50,,,
189576337-34-screw_hx025872,189576337-34-screw_hx025872,/Users/tanishqjadhav/Desktop/Extractor/data/raw/189576337-34-screw_hx025872/screw_hx025872_640x480_front.png,front,/Users/tanishqjadhav/Desktop/Extractor/data/raw/189576337-34-screw_hx025872/screw_hx025872.txt,HX025872,33-21092023-091948,Owlett-Jaton,,A2 - 304 St/St Coach Screws Hexagon Head DIN 571 - M10,A2 - 304 St/St Coach Screws Hexagon Head DIN 571 - M10 x 50,,,
189576337-34-screw_hx025872,189576337-34-screw_hx025872,/Users/tanishqjadhav/Desktop/Extractor/data/raw/189576337-34-screw_hx025872/screw_hx025872_640x480_bottom.png,bottom,/Users/tanishqjadhav/Desktop/Extractor/data/raw/189576337-34-screw_hx025872/screw_hx025872.txt,HX025872,33-21092023-091948,Owlett-Jaton,,A2 - 304 St/St Coach Screws Hexagon Head DIN 571 - M10,A2 - 304 St/St Coach Screws Hexagon Head DIN 571 - M10 x 50,,,
189576337-34-screw_hx025872,189576337-34-screw_hx025872,/Users/tanishqjadhav/Desktop/Extractor/data/raw/189576337-34-screw_hx025872/screw_hx025872_640x480_left.png,left,/Users/tanishqjadhav/Desktop/Extractor/data/raw/189576337-34-screw_hx025872/screw_hx025872.txt,HX025872,33-21092023-091948,Owlett-Jaton,,A2 - 304 St/St Coach Screws Hexagon Head DIN 571 - M10,A2 - 304 St/St Coach Screws Hexagon Head DIN 571 - M10 x 50,,,
189576337-34-screw_hx025872,189576337-34-screw_hx025872,/Users/tanishqjadhav/Desktop/Extractor/data/raw/189576337-34-screw_hx025872/screw_hx025872_640x480_back.png,back,/Users/tanishqjadhav/Desktop/Extractor/data/raw/189576337-34-screw_hx025872/screw_hx025872.txt,HX025872,33-21092023-091948,Owlett-Jaton,,A2 - 304 St/St Coach Screws Hexagon Head DIN 571 - M10,A2 - 304 St/St Coach Screws Hexagon Head DIN 571 - M10 x 50,,,
"DIN 787 Metric Size, Steel T-Slot Bolts","DIN 787 Metric Size, Steel T-Slot Bolts","/Users/tanishqjadhav/Desktop/Extractor/data/raw/DIN 787 Metric Size, Steel T-Slot Bolts/787-6-m6-25_640x480_left.png",left,"/Users/tanishqjadhav/Desktop/Extractor/data/raw/DIN 787 Metric Size, Steel T-Slot Bolts/787-6-m6-25.txt",787-6-M6-25,90-04092020-049501,JW Winco,VS - Heat-treated steel,"DIN 787 Metric Size, Steel T-Slot Bolts","Metric Size, Steel T-Slot Bolts",0.016 lbs,23110607,Yes
"DIN 787 Metric Size, Steel T-Slot Bolts","DIN 787 Metric Size, Steel T-Slot Bolts","/Users/tanishqjadhav/Desktop/Extractor/data/raw/DIN 787 Metric Size, Steel T-Slot Bolts/787-6-m6-25_640x480_top.png",top,"/Users/tanishqjadhav/Desktop/Extractor/data/raw/DIN 787 Metric Size, Steel T-Slot Bolts/787-6-m6-25.txt",787-6-M6-25,90-04092020-049501,JW Winco,VS - Heat-treated steel,"DIN 787 Metric Size, Steel T-Slot Bolts","Metric Size, Steel T-Slot Bolts",0.016 lbs,23110607,Yes
"DIN 787 Metric Size, Steel T-Slot Bolts","DIN 787 Metric Size, Steel T-Slot Bolts","/Users/tanishqjadhav/Desktop/Extractor/data/raw/DIN 787 Metric Size, Steel T-Slot Bolts/787-6-m6-25_640x480_back.png",back,"/Users/tanishqjadhav/Desktop/Extractor/data/raw/DIN 787 Metric Size, Steel T-Slot Bolts/787-6-m6-25.txt",787-6-M6-25,90-04092020-049501,JW Winco,VS - Heat-treated steel,"DIN 787 Metric Size, Steel T-Slot Bolts","Metric Size, Steel T-Slot Bolts",0.016 lbs,23110607,Yes
"DIN 787 Metric Size, Steel T-Slot Bolts","DIN 787 Metric Size, Steel T-Slot Bolts","/Users/tanishqjadhav/Desktop/Extractor/data/raw/DIN 787 Metric Size, Steel T-Slot Bolts/787-6-m6-25_640x480_bottom.png",bottom,"/Users/tanishqjadhav/Desktop/Extractor/data/raw/DIN 787 Metric Size, Steel T-Slot Bolts/787-6-m6-25.txt",787-6-M6-25,90-04092020-049501,JW Winco,VS - Heat-treated steel,"DIN 787 Metric Size, Steel T-Slot Bolts","Metric Size, Steel T-Slot Bolts",0.016 lbs,23110607,Yes
"DIN 787 Metric Size, Steel T-Slot Bolts","DIN 787 Metric Size, Steel T-Slot Bolts","/Users/tanishqjadhav/Desktop/Extractor/data/raw/DIN 787 Metric Size, Steel T-Slot Bolts/787-6-m6-25_640x480_iso.png",iso,"/Users/tanishqjadhav/Desktop/Extractor/data/raw/DIN 787 Metric Size, Steel T-Slot Bolts/787-6-m6-25.txt",787-6-M6-25,90-04092020-049501,JW Winco,VS - Heat-treated steel,"DIN 787 Metric Size, Steel T-Slot Bolts","Metric Size, Steel T-Slot Bolts",0.016 lbs,23110607,Yes
"DIN 787 Metric Size, Steel T-Slot Bolts","DIN 787 Metric Size, Steel T-Slot Bolts","/Users/tanishqjadhav/Desktop/Extractor/data/raw/DIN 787 Metric Size, Steel T-Slot Bolts/787-6-m6-25_640x480_front.png",front,"/Users/tanishqjadhav/Desktop/Extractor/data/raw/DIN 787 Metric Size, Steel T-Slot Bolts/787-6-m6-25.txt",787-6-M6-25,90-04092020-049501,JW Winco,VS - Heat-treated steel,"DIN 787 Metric Size, Steel T-Slot Bolts","Metric Size, Steel T-Slot Bolts",0.016 lbs,23110607,Yes
"DIN 787 Metric Size, Steel T-Slot Bolts","DIN 787 Metric Size, Steel T-Slot Bolts","/Users/tanishqjadhav/Desktop/Extractor/data/raw/DIN 787 Metric Size, Steel T-Slot Bolts/787-6-m6-25_640x480_right.png",right,"/Users/tanishqjadhav/Desktop/Extractor/data/raw/DIN 787 Metric Size, Steel T-Slot Bolts/787-6-m6-25.txt",787-6-M6-25,90-04092020-049501,JW Winco,VS - Heat-treated steel,"DIN 787 Metric Size, Steel T-Slot Bolts","Metric Size, Steel T-Slot Bolts",0.016 lbs,23110607,Yes
189575894-34-70095408,189575894-34-70095408,/Users/tanishqjadhav/Desktop/Extractor/data/raw/189575894-34-70095408/70095408_640x480_front.png,front,/Users/tanishqjadhav/Desktop/Extractor/data/raw/189575894-34-70095408/70095408.txt,C0402C159C5GACTU,90-30112023-009044,KEMET,,"0402 C0G ceramic capacitor, 50V 1.5pF","0402 C0G ceramic capacitor, 50V 1.5pF",,,
189575894-34-70095408,189575894-34-70095408,/Users/tanishqjadhav/Desktop/Extractor/data/raw/189575894-34-70095408/70095408_640x480_right.png,right,/Users/tanishqjadhav/Desktop/Extractor/data/raw/189575894-34-70095408/70095408.txt,C0402C159C5GACTU,90-30112023-009044,KEMET,,"0402 C0G ceramic capacitor, 50V 1.5pF","0402 C0G ceramic capacitor, 50V 1.5pF",,,
189575894-34-70095408,189575894-34-70095408,/Users/tanishqjadhav/Desktop/Extractor/data/raw/189575894-34-70095408/70095408_640x480_left.png,left,/Users/tanishqjadhav/Desktop/Extractor/data/raw/189575894-34-70095408/70095408.txt,C0402C159C5GACTU,90-30112023-009044,KEMET,,"0402 C0G ceramic capacitor, 50V 1.5pF","0402 C0G ceramic capacitor, 50V 1.5pF",,,
189575894-34-70095408,189575894-34-70095408,/Users/tanishqjadhav/Desktop/Extractor/data/raw/189575894-34-70095408/70095408_640x480_top.png,top,/Users/tanishqjadhav/Desktop/Extractor/data/raw/189575894-34-70095408/70095408.txt,C0402C159C5GACTU,90-30112023-009044,KEMET,,"0402 C0G ceramic capacitor, 50V 1.5pF","0402 C0G ceramic capacitor, 50V 1.5pF",,,
189575894-34-70095408,189575894-34-70095408,/Users/tanishqjadhav/Desktop/Extractor/data/raw/189575894-34-70095408/70095408_640x480_back.png,back,/Users/tanishqjadhav/Desktop/Extractor/data/raw/189575894-34-70095408/70095408.txt,C0402C159C5GACTU,90-30112023-009044,KEMET,,"0402 C0G ceramic capacitor, 50V 1.5pF","0402 C0G ceramic capacitor, 50V 1.5pF",,,
189575894-34-70095408,189575894-34-70095408,/Users/tanishqjadhav/Desktop/Extractor/data/raw/189575894-34-70095408/70095408_640x480_iso.png,iso,/Users/tanishqjadhav/Desktop/Extractor/data/raw/189575894-34-70095408/70095408.txt,C0402C159C5GACTU,90-30112023-009044,KEMET,,"0402 C0G ceramic capacitor, 50V 1.5pF","0402 C0G ceramic capacitor, 50V 1.5pF",,,
189575894-34-70095408,189575894-34-70095408,/Users/tanishqjadhav/Desktop/Extractor/data/raw/189575894-34-70095408/70095408_640x480_bottom.png,bottom,/Users/tanishqjadhav/Desktop/Extractor/data/raw/189575894-34-70095408/70095408.txt,C0402C159C5GACTU,90-30112023-009044,KEMET,,"0402 C0G ceramic capacitor, 50V 1.5pF","0402 C0G ceramic capacitor, 50V 1.5pF",,,
189576449-34-16-280-32-4-10,189576449-34-16-280-32-4-10,/Users/tanishqjadhav/Desktop/Extractor/data/raw/189576449-34-16-280-32-4-10/16-280-32-4-10_640x480_front.png,front,/Users/tanishqjadhav/Desktop/Extractor/data/raw/189576449-34-16-280-32-4-10/16-280-32-4-10.txt,16-280-32-4-10,90-02012026-053049,EMILE MAURIN,,16-28 VIS PAPILLON TECHNOPOLYMÈRE À TIGE FILETÉE ACIER OU INOX,16-28 VIS PAPILLON TECHNOPOLYMÈRE À TIGE FILETÉE ACIER OU INOX - 16-280-32-4-10,,,
189576449-34-16-280-32-4-10,189576449-34-16-280-32-4-10,/Users/tanishqjadhav/Desktop/Extractor/data/raw/189576449-34-16-280-32-4-10/16-280-32-4-10_640x480_right.png,right,/Users/tanishqjadhav/Desktop/Extractor/data/raw/189576449-34-16-280-32-4-10/16-280-32-4-10.txt,16-280-32-4-10,90-02012026-053049,EMILE MAURIN,,16-28 VIS PAPILLON TECHNOPOLYMÈRE À TIGE FILETÉE ACIER OU INOX,16-28 VIS PAPILLON TECHNOPOLYMÈRE À TIGE FILETÉE ACIER OU INOX - 16-280-32-4-10,,,
189576449-34-16-280-32-4-10,189576449-34-16-280-32-4-10,/Users/tanishqjadhav/Desktop/Extractor/data/raw/189576449-34-16-280-32-4-10/16-280-32-4-10_640x480_iso.png,iso,/Users/tanishqjadhav/Desktop/Extractor/data/raw/189576449-34-16-280-32-4-10/16-280-32-4-10.txt,16-280-32-4-10,90-02012026-053049,EMILE MAURIN,,16-28 VIS PAPILLON TECHNOPOLYMÈRE À TIGE FILETÉE ACIER OU INOX,16-28 VIS PAPILLON TECHNOPOLYMÈRE À TIGE FILETÉE ACIER OU INOX - 16-280-32-4-10,,,
189576449-34-16-280-32-4-10,189576449-34-16-280-32-4-10,/Users/tanishqjadhav/Desktop/Extractor/data/raw/189576449-34-16-280-32-4-10/16-280-32-4-10_640x480_bottom.png,bottom,/Users/tanishqjadhav/Desktop/Extractor/data/raw/189576449-34-16-280-32-4-10/16-280-32-4-10.txt,16-280-32-4-10,90-02012026-053049,EMILE MAURIN,,16-28 VIS PAPILLON TECHNOPOLYMÈRE À TIGE FILETÉE ACIER OU INOX,16-28 VIS PAPILLON TECHNOPOLYMÈRE À TIGE FILETÉE ACIER OU INOX - 16-280-32-4-10,,,
189576449-34-16-280-32-4-10,189576449-34-16-280-32-4-10,/Users/tanishqjadhav/Desktop/Extractor/data/raw/189576449-34-16-280-32-4-10/16-280-32-4-10_640x480_top.png,top,/Users/tanishqjadhav/Desktop/Extractor/data/raw/189576449-34-16-280-32-4-10/16-280-32-4-10.txt,16-280-32-4-10,90-02012026-053049,EMILE MAURIN,,16-28 VIS PAPILLON TECHNOPOLYMÈRE À TIGE FILETÉE ACIER OU INOX,16-28 VIS PAPILLON TECHNOPOLYMÈRE À TIGE FILETÉE ACIER OU INOX - 16-280-32-4-10,,,
189576449-34-16-280-32-4-10,189576449-34-16-280-32-4-10,/Users/tanishqjadhav/Desktop/Extractor/data/raw/189576449-34-16-280-32-4-10/16-280-32-4-10_640x480_back.png,back,/Users/tanishqjadhav/Desktop/Extractor/data/raw/189576449-34-16-280-32-4-10/16-280-32-4-10.txt,16-280-32-4-10,90-02012026-053049,EMILE MAURIN,,16-28 VIS PAPILLON TECHNOPOLYMÈRE À TIGE FILETÉE ACIER OU INOX,16-28 VIS PAPILLON TECHNOPOLYMÈRE À TIGE FILETÉE ACIER OU INOX - 16-280-32-4-10,,,
189576449-34-16-280-32-4-10,189576449-34-16-280-32-4-10,/Users/tanishqjadhav/Desktop/Extractor/data/raw/189576449-34-16-280-32-4-10/16-280-32-4-10_640x480_left.png,left,/Users/tanishqjadhav/Desktop/Extractor/data/raw/189576449-34-16-280-32-4-10/16-280-32-4-10.txt,16-280-32-4-10,90-02012026-053049,EMILE MAURIN,,16-28 VIS PAPILLON TECHNOPOLYMÈRE À TIGE FILETÉE ACIER OU INOX,16-28 VIS PAPILLON TECHNOPOLYMÈRE À TIGE FILETÉE ACIER OU INOX - 16-280-32-4-10,,,
189576443-34-16-140-20-4-6,189576443-34-16-140-20-4-6,/Users/tanishqjadhav/Desktop/Extractor/data/raw/189576443-34-16-140-20-4-6/16-140-20-4-6_640x480_back.png,back,/Users/tanishqjadhav/Desktop/Extractor/data/raw/189576443-34-16-140-20-4-6/16-140-20-4-6.txt,16-140-20-4-6,90-03012026-019588,EMILE MAURIN,,16-14 VIS PAPILLON TECHNOPOLYMÈRE À TIGE FILETÉE ACIER OU INOX,16-14 VIS PAPILLON TECHNOPOLYMÈRE À TIGE FILETÉE ACIER OU INOX - 16-140-20-4-6,,,
189576443-34-16-140-20-4-6,189576443-34-16-140-20-4-6,/Users/tanishqjadhav/Desktop/Extractor/data/raw/189576443-34-16-140-20-4-6/16-140-20-4-6_640x480_bottom.png,bottom,/Users/tanishqjadhav/Desktop/Extractor/data/raw/189576443-34-16-140-20-4-6/16-140-20-4-6.txt,16-140-20-4-6,90-03012026-019588,EMILE MAURIN,,16-14 VIS PAPILLON TECHNOPOLYMÈRE À TIGE FILETÉE ACIER OU INOX,16-14 VIS PAPILLON TECHNOPOLYMÈRE À TIGE FILETÉE ACIER OU INOX - 16-140-20-4-6,,,
189576443-34-16-140-20-4-6,189576443-34-16-140-20-4-6,/Users/tanishqjadhav/Desktop/Extractor/data/raw/189576443-34-16-140-20-4-6/16-140-20-4-6_640x480_left.png,left,/Users/tanishqjadhav/Desktop/Extractor/data/raw/189576443-34-16-140-20-4-6/16-140-20-4-6.txt,16-140-20-4-6,90-03012026-019588,EMILE MAURIN,,16-14 VIS PAPILLON TECHNOPOLYMÈRE À TIGE FILETÉE ACIER OU INOX,16-14 VIS PAPILLON TECHNOPOLYMÈRE À TIGE FILETÉE ACIER OU INOX - 16-140-20-4-6,,,
189576443-34-16-140-20-4-6,189576443-34-16-140-20-4-6,/Users/tanishqjadhav/Desktop/Extractor/data/raw/189576443-34-16-140-20-4-6/16-140-20-4-6_640x480_top.png,top,/Users/tanishqjadhav/Desktop/Extractor/data/raw/189576443-34-16-140-20-4-6/16-140-20-4-6.txt,16-140-20-4-6,90-03012026-019588,EMILE MAURIN,,16-14 VIS PAPILLON TECHNOPOLYMÈRE À TIGE FILETÉE ACIER OU INOX,16-14 VIS PAPILLON TECHNOPOLYMÈRE À TIGE FILETÉE ACIER OU INOX - 16-140-20-4-6,,,
189576443-34-16-140-20-4-6,189576443-34-16-140-20-4-6,/Users/tanishqjadhav/Desktop/Extractor/data/raw/189576443-34-16-140-20-4-6/16-140-20-4-6_640x480_front.png,front,/Users/tanishqjadhav/Desktop/Extractor/data/raw/189576443-34-16-140-20-4-6/16-140-20-4-6.txt,16-140-20-4-6,90-03012026-019588,EMILE MAURIN,,16-14 VIS PAPILLON TECHNOPOLYMÈRE À TIGE FILETÉE ACIER OU INOX,16-14 VIS PAPILLON TECHNOPOLYMÈRE À TIGE FILETÉE ACIER OU INOX - 16-140-20-4-6,,,
189576443-34-16-140-20-4-6,189576443-34-16-140-20-4-6,/Users/tanishqjadhav/Desktop/Extractor/data/raw/189576443-34-16-140-20-4-6/16-140-20-4-6_640x480_right.png,right,/Users/tanishqjadhav/Desktop/Extractor/data/raw/189576443-34-16-140-20-4-6/16-140-20-4-6.txt,16-140-20-4-6,90-03012026-019588,EMILE MAURIN,,16-14 VIS PAPILLON TECHNOPOLYMÈRE À TIGE FILETÉE ACIER OU INOX,16-14 VIS PAPILLON TECHNOPOLYMÈRE À TIGE FILETÉE ACIER OU INOX - 16-140-20-4-6,,,
189576443-34-16-140-20-4-6,189576443-34-16-140-20-4-6,/Users/tanishqjadhav/Desktop/Extractor/data/raw/189576443-34-16-140-20-4-6/16-140-20-4-6_640x480_iso.png,iso,/Users/tanishqjadhav/Desktop/Extractor/data/raw/189576443-34-16-140-20-4-6/16-140-20-4-6.txt,16-140-20-4-6,90-03012026-019588,EMILE MAURIN,,16-14 VIS PAPILLON TECHNOPOLYMÈRE À TIGE FILETÉE ACIER OU INOX,16-14 VIS PAPILLON TECHNOPOLYMÈRE À TIGE FILETÉE ACIER OU INOX - 16-140-20-4-6,,,
189576755-34-vw28-la95-a-5_5,189576755-34-vw28-la95-a-5_5,/Users/tanishqjadhav/Desktop/Extractor/data/raw/189576755-34-vw28-la95-a-5_5/vw28-la95-a-5_5_640x480_left.png,left,/Users/tanishqjadhav/Desktop/Extractor/data/raw/189576755-34-vw28-la95-a-5_5/vw28-la95-a-5_5.txt,VW28-LA95-A-5/5,34-11062019-081545,NOZAG,,Aluminum-Connecting shafts VW,Aluminum-Connecting shafts VW,,,
189576755-34-vw28-la95-a-5_5,189576755-34-vw28-la95-a-5_5,/Users/tanishqjadhav/Desktop/Extractor/data/raw/189576755-34-vw28-la95-a-5_5/vw28-la95-a-5_5_640x480_bottom.png,bottom,/Users/tanishqjadhav/Desktop/Extractor/data/raw/189576755-34-vw28-la95-a-5_5/vw28-la95-a-5_5.txt,VW28-LA95-A-5/5,34-11062019-081545,NOZAG,,Aluminum-Connecting shafts VW,Aluminum-Connecting shafts VW,,,
189576755-34-vw28-la95-a-5_5,189576755-34-vw28-la95-a-5_5,/Users/tanishqjadhav/Desktop/Extractor/data/raw/189576755-34-vw28-la95-a-5_5/vw28-la95-a-5_5_640x480_top.png,top,/Users/tanishqjadhav/Desktop/Extractor/data/raw/189576755-34-vw28-la95-a-5_5/vw28-la95-a-5_5.txt,VW28-LA95-A-5/5,34-11062019-081545,NOZAG,,Aluminum-Connecting shafts VW,Aluminum-Connecting shafts VW,,,
189576755-34-vw28-la95-a-5_5,189576755-34-vw28-la95-a-5_5,/Users/tanishqjadhav/Desktop/Extractor/data/raw/189576755-34-vw28-la95-a-5_5/vw28-la95-a-5_5_640x480_iso.png,iso,/Users/tanishqjadhav/Desktop/Extractor/data/raw/189576755-34-vw28-la95-a-5_5/vw28-la95-a-5_5.txt,VW28-LA95-A-5/5,34-11062019-081545,NOZAG,,Aluminum-Connecting shafts VW,Aluminum-Connecting shafts VW,,,
189576755-34-vw28-la95-a-5_5,189576755-34-vw28-la95-a-5_5,/Users/tanishqjadhav/Desktop/Extractor/data/raw/189576755-34-vw28-la95-a-5_5/vw28-la95-a-5_5_640x480_back.png,back,/Users/tanishqjadhav/Desktop/Extractor/data/raw/189576755-34-vw28-la95-a-5_5/vw28-la95-a-5_5.txt,VW28-LA95-A-5/5,34-11062019-081545,NOZAG,,Aluminum-Connecting shafts VW,Aluminum-Connecting shafts VW,,,
189576755-34-vw28-la95-a-5_5,189576755-34-vw28-la95-a-5_5,/Users/tanishqjadhav/Desktop/Extractor/data/raw/189576755-34-vw28-la95-a-5_5/vw28-la95-a-5_5_640x480_right.png,right,/Users/tanishqjadhav/Desktop/Extractor/data/raw/189576755-34-vw28-la95-a-5_5/vw28-la95-a-5_5.txt,VW28-LA95-A-5/5,34-11062019-081545,NOZAG,,Aluminum-Connecting shafts VW,Aluminum-Connecting shafts VW,,,
189576755-34-vw28-la95-a-5_5,189576755-34-vw28-la95-a-5_5,/Users/tanishqjadhav/Desktop/Extractor/data/raw/189576755-34-vw28-la95-a-5_5/vw28-la95-a-5_5_640x480_front.png,front,/Users/tanishqjadhav/Desktop/Extractor/data/raw/189576755-34-vw28-la95-a-5_5/vw28-la95-a-5_5.txt,VW28-LA95-A-5/5,34-11062019-081545,NOZAG,,Aluminum-Connecting shafts VW,Aluminum-Connecting shafts VW,,,
189576454-34-633-40-m5-16-dsg,189576454-34-633-40-m5-16-dsg,/Users/tanishqjadhav/Desktop/Extractor/data/raw/189576454-34-633-40-m5-16-dsg/633-40-m5-16-dsg_640x480_top.png,top,/Users/tanishqjadhav/Desktop/Extractor/data/raw/189576454-34-633-40-m5-16-dsg/633-40-m5-16-dsg.txt,633-40-M5-16-DSG,90-30092020-082246,JW Winco,PA - Plastic,"EN 633 Technopolymer Plastic Wing Screws, with Steel Threaded Stud, Ergostyle®","Technopolymer Plastic Wing Screws, with Steel Threaded Stud, Ergostyle®",0.022 lbs,23110601,Yes
189576454-34-633-40-m5-16-dsg,189576454-34-633-40-m5-16-dsg,/Users/tanishqjadhav/Desktop/Extractor/data/raw/189576454-34-633-40-m5-16-dsg/633-40-m5-16-dsg_640x480_front.png,front,/Users/tanishqjadhav/Desktop/Extractor/data/raw/189576454-34-633-40-m5-16-dsg/633-40-m5-16-dsg.txt,633-40-M5-16-DSG,90-30092020-082246,JW Winco,PA - Plastic,"EN 633 Technopolymer Plastic Wing Screws, with Steel Threaded Stud, Ergostyle®","Technopolymer Plastic Wing Screws, with Steel Threaded Stud, Ergostyle®",0.022 lbs,23110601,Yes
189576454-34-633-40-m5-16-dsg,189576454-34-633-40-m5-16-dsg,/Users/tanishqjadhav/Desktop/Extractor/data/raw/189576454-34-633-40-m5-16-dsg/633-40-m5-16-dsg_640x480_right.png,right,/Users/tanishqjadhav/Desktop/Extractor/data/raw/189576454-34-633-40-m5-16-dsg/633-40-m5-16-dsg.txt,633-40-M5-16-DSG,90-30092020-082246,JW Winco,PA - Plastic,"EN 633 Technopolymer Plastic Wing Screws, with Steel Threaded Stud, Ergostyle®","Technopolymer Plastic Wing Screws, with Steel Threaded Stud, Ergostyle®",0.022 lbs,23110601,Yes
189576454-34-633-40-m5-16-dsg,189576454-34-633-40-m5-16-dsg,/Users/tanishqjadhav/Desktop/Extractor/data/raw/189576454-34-633-40-m5-16-dsg/633-40-m5-16-dsg_640x480_iso.png,iso,/Users/tanishqjadhav/Desktop/Extractor/data/raw/189576454-34-633-40-m5-16-dsg/633-40-m5-16-dsg.txt,633-40-M5-16-DSG,90-30092020-082246,JW Winco,PA - Plastic,"EN 633 Technopolymer Plastic Wing Screws, with Steel Threaded Stud, Ergostyle®","Technopolymer Plastic Wing Screws, with Steel Threaded Stud, Ergostyle®",0.022 lbs,23110601,Yes
189576454-34-633-40-m5-16-dsg,189576454-34-633-40-m5-16-dsg,/Users/tanishqjadhav/Desktop/Extractor/data/raw/189576454-34-633-40-m5-16-dsg/633-40-m5-16-dsg_640x480_left.png,left,/Users/tanishqjadhav/Desktop/Extractor/data/raw/189576454-34-633-40-m5-16-dsg/633-40-m5-16-dsg.txt,633-40-M5-16-DSG,90-30092020-082246,JW Winco,PA - Plastic,"EN 633 Technopolymer Plastic Wing Screws, with Steel Threaded Stud, Ergostyle®","Technopolymer Plastic Wing Screws, with Steel Threaded Stud, Ergostyle®",0.022 lbs,23110601,Yes
189576454-34-633-40-m5-16-dsg,189576454-34-633-40-m5-16-dsg,/Users/tanishqjadhav/Desktop/Extractor/data/raw/189576454-34-633-40-m5-16-dsg/633-40-m5-16-dsg_640x480_back.png,back,/Users/tanishqjadhav/Desktop/Extractor/data/raw/189576454-34-633-40-m5-16-dsg/633-40-m5-16-dsg.txt,633-40-M5-16-DSG,90-30092020-082246,JW Winco,PA - Plastic,"EN 633 Technopolymer Plastic Wing Screws, with Steel Threaded Stud, Ergostyle®","Technopolymer Plastic Wing Screws, with Steel Threaded Stud, Ergostyle®",0.022 lbs,23110601,Yes
189576454-34-633-40-m5-16-dsg,189576454-34-633-40-m5-16-dsg,/Users/tanishqjadhav/Desktop/Extractor/data/raw/189576454-34-633-40-m5-16-dsg/633-40-m5-16-dsg_640x480_bottom.png,bottom,/Users/tanishqjadhav/Desktop/Extractor/data/raw/189576454-34-633-40-m5-16-dsg/633-40-m5-16-dsg.txt,633-40-M5-16-DSG,90-30092020-082246,JW Winco,PA - Plastic,"EN 633 Technopolymer Plastic Wing Screws, with Steel Threaded Stud, Ergostyle®","Technopolymer Plastic Wing Screws, with Steel Threaded Stud, Ergostyle®",0.022 lbs,23110601,Yes
189576381-34-bouloncem6_20nfe27-312rapp,189576381-34-bouloncem6_20nfe27-312rapp,/Users/tanishqjadhav/Desktop/Extractor/data/raw/189576381-34-bouloncem6_20nfe27-312rapp/bouloncem6_20nfe27-312rapp_640x480_left.png,left,/Users/tanishqjadhav/Desktop/Extractor/data/raw/189576381-34-bouloncem6_20nfe27-312rapp/bouloncem6_20nfe27-312rapp.txt,NF E 27-312 CE - d M6 - l 20 - H - e 2,10-08082008-066207,,,Boulons bruts ou usinés à tête cylindrique,"Boulon CE, M 6-20, NF E 27-312, écrou H, ergot rapporté",,,
189576381-34-bouloncem6_20nfe27-312rapp,189576381-34-bouloncem6_20nfe27-312rapp,/Users/tanishqjadhav/Desktop/Extractor/data/raw/189576381-34-bouloncem6_20nfe27-312rapp/bouloncem6_20nfe27-312rapp_640x480_back.png,back,/Users/tanishqjadhav/Desktop/Extractor/data/raw/189576381-34-bouloncem6_20nfe27-312rapp/bouloncem6_20nfe27-312rapp.txt,NF E 27-312 CE - d M6 - l 20 - H - e 2,10-08082008-066207,,,Boulons bruts ou usinés à tête cylindrique,"Boulon CE, M 6-20, NF E 27-312, écrou H, ergot rapporté",,,
189576381-34-bouloncem6_20nfe27-312rapp,189576381-34-bouloncem6_20nfe27-312rapp,/Users/tanishqjadhav/Desktop/Extractor/data/raw/189576381-34-bouloncem6_20nfe27-312rapp/bouloncem6_20nfe27-312rapp_640x480_top.png,top,/Users/tanishqjadhav/Desktop/Extractor/data/raw/189576381-34-bouloncem6_20nfe27-312rapp/bouloncem6_20nfe27-312rapp.txt,NF E 27-312 CE - d M6 - l 20 - H - e 2,10-08082008-066207,,,Boulons bruts ou usinés à tête cylindrique,"Boulon CE, M 6-20, NF E 27-312, écrou H, ergot rapporté",,,
189576381-34-bouloncem6_20nfe27-312rapp,189576381-34-bouloncem6_20nfe27-312rapp,/Users/tanishqjadhav/Desktop/Extractor/data/raw/189576381-34-bouloncem6_20nfe27-312rapp/bouloncem6_20nfe27-312rapp_640x480_bottom.png,bottom,/Users/tanishqjadhav/Desktop/Extractor/data/raw/189576381-34-bouloncem6_20nfe27-312rapp/bouloncem6_20nfe27-312rapp.txt,NF E 27-312 CE - d M6 - l 20 - H - e 2,10-08082008-066207,,,Boulons bruts ou usinés à tête cylindrique,"Boulon CE, M 6-20, NF E 27-312, écrou H, ergot rapporté",,,
189576381-34-bouloncem6_20nfe27-312rapp,189576381-34-bouloncem6_20nfe27-312rapp,/Users/tanishqjadhav/Desktop/Extractor/data/raw/189576381-34-bouloncem6_20nfe27-312rapp/bouloncem6_20nfe27-312rapp_640x480_front.png,front,/Users/tanishqjadhav/Desktop/Extractor/data/raw/189576381-34-bouloncem6_20nfe27-312rapp/bouloncem6_20nfe27-312rapp.txt,NF E 27-312 CE - d M6 - l 20 - H - e 2,10-08082008-066207,,,Boulons bruts ou usinés à tête cylindrique,"Boulon CE, M 6-20, NF E 27-312, écrou H, ergot rapporté",,,
189576381-34-bouloncem6_20nfe27-312rapp,189576381-34-bouloncem6_20nfe27-312rapp,/Users/tanishqjadhav/Desktop/Extractor/data/raw/189576381-34-bouloncem6_20nfe27-312rapp/bouloncem6_20nfe27-312rapp_640x480_right.png,right,/Users/tanishqjadhav/Desktop/Extractor/data/raw/189576381-34-bouloncem6_20nfe27-312rapp/bouloncem6_20nfe27-312rapp.txt,NF E 27-312 CE - d M6 - l 20 - H - e 2,10-08082008-066207,,,Boulons bruts ou usinés à tête cylindrique,"Boulon CE, M 6-20, NF E 27-312, écrou H, ergot rapporté",,,
189576381-34-bouloncem6_20nfe27-312rapp,189576381-34-bouloncem6_20nfe27-312rapp,/Users/tanishqjadhav/Desktop/Extractor/data/raw/189576381-34-bouloncem6_20nfe27-312rapp/bouloncem6_20nfe27-312rapp_640x480_iso.png,iso,/Users/tanishqjadhav/Desktop/Extractor/data/raw/189576381-34-bouloncem6_20nfe27-312rapp/bouloncem6_20nfe27-312rapp.txt,NF E 27-312 CE - d M6 - l 20 - H - e 2,10-08082008-066207,,,Boulons bruts ou usinés à tête cylindrique,"Boulon CE, M 6-20, NF E 27-312, écrou H, ergot rapporté",,,
189576407-34-2454295,189576407-34-2454295,/Users/tanishqjadhav/Desktop/Extractor/data/raw/189576407-34-2454295/2454295_640x480_bottom.png,bottom,/Users/tanishqjadhav/Desktop/Extractor/data/raw/189576407-34-2454295/2454295.txt,2454295,90-23112023-032765,RS PRO,,1/2 X 10 LAG BOLT GALVANIZED,1/2 X 10 LAG BOLT GALVANIZED,,,
189576407-34-2454295,189576407-34-2454295,/Users/tanishqjadhav/Desktop/Extractor/data/raw/189576407-34-2454295/2454295_640x480_left.png,left,/Users/tanishqjadhav/Desktop/Extractor/data/raw/189576407-34-2454295/2454295.txt,2454295,90-23112023-032765,RS PRO,,1/2 X 10 LAG BOLT GALVANIZED,1/2 X 10 LAG BOLT GALVANIZED,,,
189576407-34-2454295,189576407-34-2454295,/Users/tanishqjadhav/Desktop/Extractor/data/raw/189576407-34-2454295/2454295_640x480_top.png,top,/Users/tanishqjadhav/Desktop/Extractor/data/raw/189576407-34-2454295/2454295.txt,2454295,90-23112023-032765,RS PRO,,1/2 X 10 LAG BOLT GALVANIZED,1/2 X 10 LAG BOLT GALVANIZED,,,
189576407-34-2454295,189576407-34-2454295,/Users/tanishqjadhav/Desktop/Extractor/data/raw/189576407-34-2454295/2454295_640x480_iso.png,iso,/Users/tanishqjadhav/Desktop/Extractor/data/raw/189576407-34-2454295/2454295.txt,2454295,90-23112023-032765,RS PRO,,1/2 X 10 LAG BOLT GALVANIZED,1/2 X 10 LAG BOLT GALVANIZED,,,
189576407-34-2454295,189576407-34-2454295,/Users/tanishqjadhav/Desktop/Extractor/data/raw/189576407-34-2454295/2454295_640x480_back.png,back,/Users/tanishqjadhav/Desktop/Extractor/data/raw/189576407-34-2454295/2454295.txt,2454295,90-23112023-032765,RS PRO,,1/2 X 10 LAG BOLT GALVANIZED,1/2 X 10 LAG BOLT GALVANIZED,,,
189576407-34-2454295,189576407-34-2454295,/Users/tanishqjadhav/Desktop/Extractor/data/raw/189576407-34-2454295/2454295_640x480_right.png,right,/Users/tanishqjadhav/Desktop/Extractor/data/raw/189576407-34-2454295/2454295.txt,2454295,90-23112023-032765,RS PRO,,1/2 X 10 LAG BOLT GALVANIZED,1/2 X 10 LAG BOLT GALVANIZED,,,
189576407-34-2454295,189576407-34-2454295,/Users/tanishqjadhav/Desktop/Extractor/data/raw/189576407-34-2454295/2454295_640x480_front.png,front,/Users/tanishqjadhav/Desktop/Extractor/data/raw/189576407-34-2454295/2454295.txt,2454295,90-23112023-032765,RS PRO,,1/2 X 10 LAG BOLT GALVANIZED,1/2 X 10 LAG BOLT GALVANIZED,,,
189576687-34-alb-10,189576687-34-alb-10,/Users/tanishqjadhav/Desktop/Extractor/data/raw/189576687-34-alb-10/alb-10_640x480_iso.png,iso,/Users/tanishqjadhav/Desktop/Extractor/data/raw/189576687-34-alb-10/alb-10.txt,ALB-10,90-26042023-031308,The Timken Company,,Aurora Bearing ALM & ALB Series Male Rod Ends (PTFE Liners Available) - ALB-10,"Aurora Bearing ALM & ALB Series Male Rod Ends (PTFE Liners Available), Ball Bore .6250 in - ALB-10",,,
189576687-34-alb-10,189576687-34-alb-10,/Users/tanishqjadhav/Desktop/Extractor/data/raw/189576687-34-alb-10/alb-10_640x480_front.png,front,/Users/tanishqjadhav/Desktop/Extractor/data/raw/189576687-34-alb-10/alb-10.txt,ALB-10,90-26042023-031308,The Timken Company,,Aurora Bearing ALM & ALB Series Male Rod Ends (PTFE Liners Available) - ALB-10,"Aurora Bearing ALM & ALB Series Male Rod Ends (PTFE Liners Available), Ball Bore .6250 in - ALB-10",,,
189576687-34-alb-10,189576687-34-alb-10,/Users/tanishqjadhav/Desktop/Extractor/data/raw/189576687-34-alb-10/alb-10_640x480_right.png,right,/Users/tanishqjadhav/Desktop/Extractor/data/raw/189576687-34-alb-10/alb-10.txt,ALB-10,90-26042023-031308,The Timken Company,,Aurora Bearing ALM & ALB Series Male Rod Ends (PTFE Liners Available) - ALB-10,"Aurora Bearing ALM & ALB Series Male Rod Ends (PTFE Liners Available), Ball Bore .6250 in - ALB-10",,,
189576687-34-alb-10,189576687-34-alb-10,/Users/tanishqjadhav/Desktop/Extractor/data/raw/189576687-34-alb-10/alb-10_640x480_top.png,top,/Users/tanishqjadhav/Desktop/Extractor/data/raw/189576687-34-alb-10/alb-10.txt,ALB-10,90-26042023-031308,The Timken Company,,Aurora Bearing ALM & ALB Series Male Rod Ends (PTFE Liners Available) - ALB-10,"Aurora Bearing ALM & ALB Series Male Rod Ends (PTFE Liners Available), Ball Bore .6250 in - ALB-10",,,
189576687-34-alb-10,189576687-34-alb-10,/Users/tanishqjadhav/Desktop/Extractor/data/raw/189576687-34-alb-10/alb-10_640x480_bottom.png,bottom,/Users/tanishqjadhav/Desktop/Extractor/data/raw/189576687-34-alb-10/alb-10.txt,ALB-10,90-26042023-031308,The Timken Company,,Aurora Bearing ALM & ALB Series Male Rod Ends (PTFE Liners Available) - ALB-10,"Aurora Bearing ALM & ALB Series Male Rod Ends (PTFE Liners Available), Ball Bore .6250 in - ALB-10",,,
189576687-34-alb-10,189576687-34-alb-10,/Users/tanishqjadhav/Desktop/Extractor/data/raw/189576687-34-alb-10/alb-10_640x480_back.png,back,/Users/tanishqjadhav/Desktop/Extractor/data/raw/189576687-34-alb-10/alb-10.txt,ALB-10,90-26042023-031308,The Timken Company,,Aurora Bearing ALM & ALB Series Male Rod Ends (PTFE Liners Available) - ALB-10,"Aurora Bearing ALM & ALB Series Male Rod Ends (PTFE Liners Available), Ball Bore .6250 in - ALB-10",,,
189576687-34-alb-10,189576687-34-alb-10,/Users/tanishqjadhav/Desktop/Extractor/data/raw/189576687-34-alb-10/alb-10_640x480_left.png,left,/Users/tanishqjadhav/Desktop/Extractor/data/raw/189576687-34-alb-10/alb-10.txt,ALB-10,90-26042023-031308,The Timken Company,,Aurora Bearing ALM & ALB Series Male Rod Ends (PTFE Liners Available) - ALB-10,"Aurora Bearing ALM & ALB Series Male Rod Ends (PTFE Liners Available), Ball Bore .6250 in - ALB-10",,,
189576583-34-02462141,189576583-34-02462141,/Users/tanishqjadhav/Desktop/Extractor/data/raw/189576583-34-02462141/02462141_640x480_bottom.png,bottom,/Users/tanishqjadhav/Desktop/Extractor/data/raw/189576583-34-02462141/02462141.txt,KP4FS428,90-15012022-051023,RBC Bearings,,"Airframe Control Ball Bearing, KP4FS428","Airframe Control Ball Bearing, 0.2500 in Bore, 0.9014 in  OD, Double Sealed",0.06 lbs,,
189576583-34-02462141,189576583-34-02462141,/Users/tanishqjadhav/Desktop/Extractor/data/raw/189576583-34-02462141/02462141_640x480_iso.png,iso,/Users/tanishqjadhav/Desktop/Extractor/data/raw/189576583-34-02462141/02462141.txt,KP4FS428,90-15012022-051023,RBC Bearings,,"Airframe Control Ball Bearing, KP4FS428","Airframe Control Ball Bearing, 0.2500 in Bore, 0.9014 in  OD, Double Sealed",0.06 lbs,,
189576583-34-02462141,189576583-34-02462141,/Users/tanishqjadhav/Desktop/Extractor/data/raw/189576583-34-02462141/02462141_640x480_left.png,left,/Users/tanishqjadhav/Desktop/Extractor/data/raw/189576583-34-02462141/02462141.txt,KP4FS428,90-15012022-051023,RBC Bearings,,"Airframe Control Ball Bearing, KP4FS428","Airframe Control Ball Bearing, 0.2500 in Bore, 0.9014 in  OD, Double Sealed",0.06 lbs,,
189576583-34-02462141,189576583-34-02462141,/Users/tanishqjadhav/Desktop/Extractor/data/raw/189576583-34-02462141/02462141_640x480_top.png,top,/Users/tanishqjadhav/Desktop/Extractor/data/raw/189576583-34-02462141/02462141.txt,KP4FS428,90-15012022-051023,RBC Bearings,,"Airframe Control Ball Bearing, KP4FS428","Airframe Control Ball Bearing, 0.2500 in Bore, 0.9014 in  OD, Double Sealed",0.06 lbs,,
189576583-34-02462141,189576583-34-02462141,/Users/tanishqjadhav/Desktop/Extractor/data/raw/189576583-34-02462141/02462141_640x480_back.png,back,/Users/tanishqjadhav/Desktop/Extractor/data/raw/189576583-34-02462141/02462141.txt,KP4FS428,90-15012022-051023,RBC Bearings,,"Airframe Control Ball Bearing, KP4FS428","Airframe Control Ball Bearing, 0.2500 in Bore, 0.9014 in  OD, Double Sealed",0.06 lbs,,
189576583-34-02462141,189576583-34-02462141,/Users/tanishqjadhav/Desktop/Extractor/data/raw/189576583-34-02462141/02462141_640x480_right.png,right,/Users/tanishqjadhav/Desktop/Extractor/data/raw/189576583-34-02462141/02462141.txt,KP4FS428,90-15012022-051023,RBC Bearings,,"Airframe Control Ball Bearing, KP4FS428","Airframe Control Ball Bearing, 0.2500 in Bore, 0.9014 in  OD, Double Sealed",0.06 lbs,,
189576583-34-02462141,189576583-34-02462141,/Users/tanishqjadhav/Desktop/Extractor/data/raw/189576583-34-02462141/02462141_640x480_front.png,front,/Users/tanishqjadhav/Desktop/Extractor/data/raw/189576583-34-02462141/02462141.txt,KP4FS428,90-15012022-051023,RBC Bearings,,"Airframe Control Ball Bearing, KP4FS428","Airframe Control Ball Bearing, 0.2500 in Bore, 0.9014 in  OD, Double Sealed",0.06 lbs,,
189576282-114-atm60-aaa12x12,189576282-114-atm60-aaa12x12,/Users/tanishqjadhav/Desktop/Extractor/data/raw/189576282-114-atm60-aaa12x12/atm60-aaa12x12_640x480_back.jpg,back,/Users/tanishqjadhav/Desktop/Extractor/data/raw/189576282-114-atm60-aaa12x12/atm60-aaa12x12.txt,ATM60-AAA12X12,10-30072013-122104,Sick,,Absolute Encoder Sick 8192 ppr 3000rpm SSI-Gray Hollow 10  32 V dc,Absolute Encoder Sick 8192 ppr 3000rpm SSI-Gray Hollow 10  32 V dc,,,
189576282-114-atm60-aaa12x12,189576282-114-atm60-aaa12x12,/Users/tanishqjadhav/Desktop/Extractor/data/raw/189576282-114-atm60-aaa12x12/atm60-aaa12x12_640x480_top.jpg,top,/Users/tanishqjadhav/Desktop/Extractor/data/raw/189576282-114-atm60-aaa12x12/atm60-aaa12x12.txt,ATM60-AAA12X12,10-30072013-122104,Sick,,Absolute Encoder Sick 8192 ppr 3000rpm SSI-Gray Hollow 10  32 V dc,Absolute Encoder Sick 8192 ppr 3000rpm SSI-Gray Hollow 10  32 V dc,,,
189576282-114-atm60-aaa12x12,189576282-114-atm60-aaa12x12,/Users/tanishqjadhav/Desktop/Extractor/data/raw/189576282-114-atm60-aaa12x12/atm60-aaa12x12_640x480_iso.jpg,iso,/Users/tanishqjadhav/Desktop/Extractor/data/raw/189576282-114-atm60-aaa12x12/atm60-aaa12x12.txt,ATM60-AAA12X12,10-30072013-122104,Sick,,Absolute Encoder Sick 8192 ppr 3000rpm SSI-Gray Hollow 10  32 V dc,Absolute Encoder Sick 8192 ppr 3000rpm SSI-Gray Hollow 10  32 V dc,,,
189576282-114-atm60-aaa12x12,189576282-114-atm60-aaa12x12,/Users/tanishqjadhav/Desktop/Extractor/data/raw/189576282-114-atm60-aaa12x12/atm60-aaa12x12_640x480_left.jpg,left,/Users/tanishqjadhav/Desktop/Extractor/data/raw/189576282-114-atm60-aaa12x12/atm60-aaa12x12.txt,ATM60-AAA12X12,10-30072013-122104,Sick,,Absolute Encoder Sick 8192 ppr 3000rpm SSI-Gray Hollow 10  32 V dc,Absolute Encoder Sick 8192 ppr 3000rpm SSI-Gray Hollow 10  32 V dc,,,
189576282-114-atm60-aaa12x12,189576282-114-atm60-aaa12x12,/Users/tanishqjadhav/Desktop/Extractor/data/raw/189576282-114-atm60-aaa12x12/atm60-aaa12x12_640x480_right.jpg,right,/Users/tanishqjadhav/Desktop/Extractor/data/raw/189576282-114-atm60-aaa12x12/atm60-aaa12x12.txt,ATM60-AAA12X12,10-30072013-122104,Sick,,Absolute Encoder Sick 8192 ppr 3000rpm SSI-Gray Hollow 10  32 V dc,Absolute Encoder Sick 8192 ppr 3000rpm SSI-Gray Hollow 10  32 V dc,,,
189576282-114-atm60-aaa12x12,189576282-114-atm60-aaa12x12,/Users/tanishqjadhav/Desktop/Extractor/data/raw/189576282-114-atm60-aaa12x12/atm60-aaa12x12_640x480_front.jpg,front,/Users/tanishqjadhav/Desktop/Extractor/data/raw/189576282-114-atm60-aaa12x12/atm60-aaa12x12.txt,ATM60-AAA12X12,10-30072013-122104,Sick,,Absolute Encoder Sick 8192 ppr 3000rpm SSI-Gray Hollow 10  32 V dc,Absolute Encoder Sick 8192 ppr 3000rpm SSI-Gray Hollow 10  32 V dc,,,
189576282-114-atm60-aaa12x12,189576282-114-atm60-aaa12x12,/Users/tanishqjadhav/Desktop/Extractor/data/raw/189576282-114-atm60-aaa12x12/atm60-aaa12x12_640x480_bottom.jpg,bottom,/Users/tanishqjadhav/Desktop/Extractor/data/raw/189576282-114-atm60-aaa12x12/atm60-aaa12x12.txt,ATM60-AAA12X12,10-30072013-122104,Sick,,Absolute Encoder Sick 8192 ppr 3000rpm SSI-Gray Hollow 10  32 V dc,Absolute Encoder Sick 8192 ppr 3000rpm SSI-Gray Hollow 10  32 V dc,,,
189576829-114-sk_638_____l_25,189576829-114-sk_638_____l_25,/Users/tanishqjadhav/Desktop/Extractor/data/raw/189576829-114-sk_638_____l_25/sk_638_____l_25_640x480_iso.jpg,iso,/Users/tanishqjadhav/Desktop/Extractor/data/raw/189576829-114-sk_638_____l_25/sk_638_____l_25.txt,SK 638 25,34-23062017-103198,Fischer Elektronik GmbH & Co. KG,,"10,3 x 40 mm, SK 638 …",Strangkühlkörper für Einrast-Transistorhaltefeder,,,
189576829-114-sk_638_____l_25,189576829-114-sk_638_____l_25,/Users/tanishqjadhav/Desktop/Extractor/data/raw/189576829-114-sk_638_____l_25/sk_638_____l_25_640x480_bottom.jpg,bottom,/Users/tanishqjadhav/Desktop/Extractor/data/raw/189576829-114-sk_638_____l_25/sk_638_____l_25.txt,SK 638 25,34-23062017-103198,Fischer Elektronik GmbH & Co. KG,,"10,3 x 40 mm, SK 638 …",Strangkühlkörper für Einrast-Transistorhaltefeder,,,
189576829-114-sk_638_____l_25,189576829-114-sk_638_____l_25,/Users/tanishqjadhav/Desktop/Extractor/data/raw/189576829-114-sk_638_____l_25/sk_638_____l_25_640x480_top.jpg,top,/Users/tanishqjadhav/Desktop/Extractor/data/raw/189576829-114-sk_638_____l_25/sk_638_____l_25.txt,SK 638 25,34-23062017-103198,Fischer Elektronik GmbH & Co. KG,,"10,3 x 40 mm, SK 638 …",Strangkühlkörper für Einrast-Transistorhaltefeder,,,
189576829-114-sk_638_____l_25,189576829-114-sk_638_____l_25,/Users/tanishqjadhav/Desktop/Extractor/data/raw/189576829-114-sk_638_____l_25/sk_638_____l_25_640x480_right.jpg,right,/Users/tanishqjadhav/Desktop/Extractor/data/raw/189576829-114-sk_638_____l_25/sk_638_____l_25.txt,SK 638 25,34-23062017-103198,Fischer Elektronik GmbH & Co. KG,,"10,3 x 40 mm, SK 638 …",Strangkühlkörper für Einrast-Transistorhaltefeder,,,
189576829-114-sk_638_____l_25,189576829-114-sk_638_____l_25,/Users/tanishqjadhav/Desktop/Extractor/data/raw/189576829-114-sk_638_____l_25/sk_638_____l_25_640x480_front.jpg,front,/Users/tanishqjadhav/Desktop/Extractor/data/raw/189576829-114-sk_638_____l_25/sk_638_____l_25.txt,SK 638 25,34-23062017-103198,Fischer Elektronik GmbH & Co. KG,,"10,3 x 40 mm, SK 638 …",Strangkühlkörper für Einrast-Transistorhaltefeder,,,
189576829-114-sk_638_____l_25,189576829-114-sk_638_____l_25,/Users/tanishqjadhav/Desktop/Extractor/data/raw/189576829-114-sk_638_____l_25/sk_638_____l_25_640x480_back.jpg,back,/Users/tanishqjadhav/Desktop/Extractor/data/raw/189576829-114-sk_638_____l_25/sk_638_____l_25.txt,SK 638 25,34-23062017-103198,Fischer Elektronik GmbH & Co. KG,,"10,3 x 40 mm, SK 638 …",Strangkühlkörper für Einrast-Transistorhaltefeder,,,
189576829-114-sk_638_____l_25,189576829-114-sk_638_____l_25,/Users/tanishqjadhav/Desktop/Extractor/data/raw/189576829-114-sk_638_____l_25/sk_638_____l_25_640x480_left.jpg,left,/Users/tanishqjadhav/Desktop/Extractor/data/raw/189576829-114-sk_638_____l_25/sk_638_____l_25.txt,SK 638 25,34-23062017-103198,Fischer Elektronik GmbH & Co. KG,,"10,3 x 40 mm, SK 638 …",Strangkühlkörper für Einrast-Transistorhaltefeder,,,
189576514-114-71071085,189576514-114-71071085,/Users/tanishqjadhav/Desktop/Extractor/data/raw/189576514-114-71071085/71071085_640x480_back.jpg,back,/Users/tanishqjadhav/Desktop/Extractor/data/raw/189576514-114-71071085/71071085.txt,7447070,90-06122023-040937,Wurth Elektronik,,100 µH ±20 % Composite Iron Powder Toroidal Induct,100 µH ±20 % Composite Iron Powder Toroidal Induct,,,
189576514-114-71071085,189576514-114-71071085,/Users/tanishqjadhav/Desktop/Extractor/data/raw/189576514-114-71071085/71071085_640x480_front.jpg,front,/Users/tanishqjadhav/Desktop/Extractor/data/raw/189576514-114-71071085/71071085.txt,7447070,90-06122023-040937,Wurth Elektronik,,100 µH ±20 % Composite Iron Powder Toroidal Induct,100 µH ±20 % Composite Iron Powder Toroidal Induct,,,
189576514-114-71071085,189576514-114-71071085,/Users/tanishqjadhav/Desktop/Extractor/data/raw/189576514-114-71071085/71071085_640x480_right.jpg,right,/Users/tanishqjadhav/Desktop/Extractor/data/raw/189576514-114-71071085/71071085.txt,7447070,90-06122023-040937,Wurth Elektronik,,100 µH ±20 % Composite Iron Powder Toroidal Induct,100 µH ±20 % Composite Iron Powder Toroidal Induct,,,
189576514-114-71071085,189576514-114-71071085,/Users/tanishqjadhav/Desktop/Extractor/data/raw/189576514-114-71071085/71071085_640x480_left.jpg,left,/Users/tanishqjadhav/Desktop/Extractor/data/raw/189576514-114-71071085/71071085.txt,7447070,90-06122023-040937,Wurth Elektronik,,100 µH ±20 % Composite Iron Powder Toroidal Induct,100 µH ±20 % Composite Iron Powder Toroidal Induct,,,
189576514-114-71071085,189576514-114-71071085,/Users/tanishqjadhav/Desktop/Extractor/data/raw/189576514-114-71071085/71071085_640x480_iso.jpg,iso,/Users/tanishqjadhav/Desktop/Extractor/data/raw/189576514-114-71071085/71071085.txt,7447070,90-06122023-040937,Wurth Elektronik,,100 µH ±20 % Composite Iron Powder Toroidal Induct,100 µH ±20 % Composite Iron Powder Toroidal Induct,,,
189576514-114-71071085,189576514-114-71071085,/Users/tanishqjadhav/Desktop/Extractor/data/raw/189576514-114-71071085/71071085_640x480_top.jpg,top,/Users/tanishqjadhav/Desktop/Extractor/data/raw/189576514-114-71071085/71071085.txt,7447070,90-06122023-040937,Wurth Elektronik,,100 µH ±20 % Composite Iron Powder Toroidal Induct,100 µH ±20 % Composite Iron Powder Toroidal Induct,,,
189576514-114-71071085,189576514-114-71071085,/Users/tanishqjadhav/Desktop/Extractor/data/raw/189576514-114-71071085/71071085_640x480_bottom.jpg,bottom,/Users/tanishqjadhav/Desktop/Extractor/data/raw/189576514-114-71071085/71071085.txt,7447070,90-06122023-040937,Wurth Elektronik,,100 µH ±20 % Composite Iron Powder Toroidal Induct,100 µH ±20 % Composite Iron Powder Toroidal Induct,,,
189576581-114-_a921cy-470m_p3,189576581-114-_a921cy-470m_p3,/Users/tanishqjadhav/Desktop/Extractor/data/raw/189576581-114-_a921cy-470m_p3/_a921cy-470m_p3_640x480_top.jpg,top,/Users/tanishqjadhav/Desktop/Extractor/data/raw/189576581-114-_a921cy-470m_p3/_a921cy-470m_p3.txt,#A921CY-470M=P3,90-07112024-042231,MURATA,,#A921CY-470M=P3,"Wire Wound Ferrite Inductor for Power Lines, #A921CY-470M=P3",,,
189576581-114-_a921cy-470m_p3,189576581-114-_a921cy-470m_p3,/Users/tanishqjadhav/Desktop/Extractor/data/raw/189576581-114-_a921cy-470m_p3/_a921cy-470m_p3_640x480_iso.jpg,iso,/Users/tanishqjadhav/Desktop/Extractor/data/raw/189576581-114-_a921cy-470m_p3/_a921cy-470m_p3.txt,#A921CY-470M=P3,90-07112024-042231,MURATA,,#A921CY-470M=P3,"Wire Wound Ferrite Inductor for Power Lines, #A921CY-470M=P3",,,
189576581-114-_a921cy-470m_p3,189576581-114-_a921cy-470m_p3,/Users/tanishqjadhav/Desktop/Extractor/data/raw/189576581-114-_a921cy-470m_p3/_a921cy-470m_p3_640x480_left.jpg,left,/Users/tanishqjadhav/Desktop/Extractor/data/raw/189576581-114-_a921cy-470m_p3/_a921cy-470m_p3.txt,#A921CY-470M=P3,90-07112024-042231,MURATA,,#A921CY-470M=P3,"Wire Wound Ferrite Inductor for Power Lines, #A921CY-470M=P3",,,
189576581-114-_a921cy-470m_p3,189576581-114-_a921cy-470m_p3,/Users/tanishqjadhav/Desktop/Extractor/data/raw/189576581-114-_a921cy-470m_p3/_a921cy-470m_p3_640x480_bottom.jpg,bottom,/Users/tanishqjadhav/Desktop/Extractor/data/raw/189576581-114-_a921cy-470m_p3/_a921cy-470m_p3.txt,#A921CY-470M=P3,90-07112024-042231,MURATA,,#A921CY-470M=P3,"Wire Wound Ferrite Inductor for Power Lines, #A921CY-470M=P3",,,
189576581-114-_a921cy-470m_p3,189576581-114-_a921cy-470m_p3,/Users/tanishqjadhav/Desktop/Extractor/data/raw/189576581-114-_a921cy-470m_p3/_a921cy-470m_p3_640x480_right.jpg,right,/Users/tanishqjadhav/Desktop/Extractor/data/raw/189576581-114-_a921cy-470m_p3/_a921cy-470m_p3.txt,#A921CY-470M=P3,90-07112024-042231,MURATA,,#A921CY-470M=P3,"Wire Wound Ferrite Inductor for Power Lines, #A921CY-470M=P3",,,
189576581-114-_a921cy-470m_p3,189576581-114-_a921cy-470m_p3,/Users/tanishqjadhav/Desktop/Extractor/data/raw/189576581-114-_a921cy-470m_p3/_a921cy-470m_p3_640x480_front.jpg,front,/Users/tanishqjadhav/Desktop/Extractor/data/raw/189576581-114-_a921cy-470m_p3/_a921cy-470m_p3.txt,#A921CY-470M=P3,90-07112024-042231,MURATA,,#A921CY-470M=P3,"Wire Wound Ferrite Inductor for Power Lines, #A921CY-470M=P3",,,
189576581-114-_a921cy-470m_p3,189576581-114-_a921cy-470m_p3,/Users/tanishqjadhav/Desktop/Extractor/data/raw/189576581-114-_a921cy-470m_p3/_a921cy-470m_p3_640x480_back.jpg,back,/Users/tanishqjadhav/Desktop/Extractor/data/raw/189576581-114-_a921cy-470m_p3/_a921cy-470m_p3.txt,#A921CY-470M=P3,90-07112024-042231,MURATA,,#A921CY-470M=P3,"Wire Wound Ferrite Inductor for Power Lines, #A921CY-470M=P3",,,
189576149-114-7076231,189576149-114-7076231,/Users/tanishqjadhav/Desktop/Extractor/data/raw/189576149-114-7076231/7076231_640x480_top.jpg,top,/Users/tanishqjadhav/Desktop/Extractor/data/raw/189576149-114-7076231/7076231.txt,7076231,90-22032024-044318,RS PRO,,"AXIAL AL CAP, 0.47UF, 50V","AXIAL AL CAP, 0.47UF, 50V",,,
189576149-114-7076231,189576149-114-7076231,/Users/tanishqjadhav/Desktop/Extractor/data/raw/189576149-114-7076231/7076231_640x480_right.jpg,right,/Users/tanishqjadhav/Desktop/Extractor/data/raw/189576149-114-7076231/7076231.txt,7076231,90-22032024-044318,RS PRO,,"AXIAL AL CAP, 0.47UF, 50V","AXIAL AL CAP, 0.47UF, 50V",,,
189576149-114-7076231,189576149-114-7076231,/Users/tanishqjadhav/Desktop/Extractor/data/raw/189576149-114-7076231/7076231_640x480_front.jpg,front,/Users/tanishqjadhav/Desktop/Extractor/data/raw/189576149-114-7076231/7076231.txt,7076231,90-22032024-044318,RS PRO,,"AXIAL AL CAP, 0.47UF, 50V","AXIAL AL CAP, 0.47UF, 50V",,,
189576149-114-7076231,189576149-114-7076231,/Users/tanishqjadhav/Desktop/Extractor/data/raw/189576149-114-7076231/7076231_640x480_iso.jpg,iso,/Users/tanishqjadhav/Desktop/Extractor/data/raw/189576149-114-7076231/7076231.txt,7076231,90-22032024-044318,RS PRO,,"AXIAL AL CAP, 0.47UF, 50V","AXIAL AL CAP, 0.47UF, 50V",,,
189576149-114-7076231,189576149-114-7076231,/Users/tanishqjadhav/Desktop/Extractor/data/raw/189576149-114-7076231/7076231_640x480_left.jpg,left,/Users/tanishqjadhav/Desktop/Extractor/data/raw/189576149-114-7076231/7076231.txt,7076231,90-22032024-044318,RS PRO,,"AXIAL AL CAP, 0.47UF, 50V","AXIAL AL CAP, 0.47UF, 50V",,,
189576149-114-7076231,189576149-114-7076231,/Users/tanishqjadhav/Desktop/Extractor/data/raw/189576149-114-7076231/7076231_640x480_bottom.jpg,bottom,/Users/tanishqjadhav/Desktop/Extractor/data/raw/189576149-114-7076231/7076231.txt,7076231,90-22032024-044318,RS PRO,,"AXIAL AL CAP, 0.47UF, 50V","AXIAL AL CAP, 0.47UF, 50V",,,
189576149-114-7076231,189576149-114-7076231,/Users/tanishqjadhav/Desktop/Extractor/data/raw/189576149-114-7076231/7076231_640x480_back.jpg,back,/Users/tanishqjadhav/Desktop/Extractor/data/raw/189576149-114-7076231/7076231.txt,7076231,90-22032024-044318,RS PRO,,"AXIAL AL CAP, 0.47UF, 50V","AXIAL AL CAP, 0.47UF, 50V",,,
189576177-114-759407,189576177-114-759407,/Users/tanishqjadhav/Desktop/Extractor/data/raw/189576177-114-759407/759407_640x480_back.jpg,back,/Users/tanishqjadhav/Desktop/Extractor/data/raw/189576177-114-759407/759407.txt,BLRCH104A125B48,90-07032026-031541,Schneider Electric,,CAPACITOR CAN HDY 10.4/12.5KVAR 480V,CAPACITOR CAN HDY 10.4/12.5KVAR 480V,,,
189576177-114-759407,189576177-114-759407,/Users/tanishqjadhav/Desktop/Extractor/data/raw/189576177-114-759407/759407_640x480_iso.jpg,iso,/Users/tanishqjadhav/Desktop/Extractor/data/raw/189576177-114-759407/759407.txt,BLRCH104A125B48,90-07032026-031541,Schneider Electric,,CAPACITOR CAN HDY 10.4/12.5KVAR 480V,CAPACITOR CAN HDY 10.4/12.5KVAR 480V,,,
189576177-114-759407,189576177-114-759407,/Users/tanishqjadhav/Desktop/Extractor/data/raw/189576177-114-759407/759407_640x480_front.jpg,front,/Users/tanishqjadhav/Desktop/Extractor/data/raw/189576177-114-759407/759407.txt,BLRCH104A125B48,90-07032026-031541,Schneider Electric,,CAPACITOR CAN HDY 10.4/12.5KVAR 480V,CAPACITOR CAN HDY 10.4/12.5KVAR 480V,,,
189576177-114-759407,189576177-114-759407,/Users/tanishqjadhav/Desktop/Extractor/data/raw/189576177-114-759407/759407_640x480_right.jpg,right,/Users/tanishqjadhav/Desktop/Extractor/data/raw/189576177-114-759407/759407.txt,BLRCH104A125B48,90-07032026-031541,Schneider Electric,,CAPACITOR CAN HDY 10.4/12.5KVAR 480V,CAPACITOR CAN HDY 10.4/12.5KVAR 480V,,,
189576177-114-759407,189576177-114-759407,/Users/tanishqjadhav/Desktop/Extractor/data/raw/189576177-114-759407/759407_640x480_bottom.jpg,bottom,/Users/tanishqjadhav/Desktop/Extractor/data/raw/189576177-114-759407/759407.txt,BLRCH104A125B48,90-07032026-031541,Schneider Electric,,CAPACITOR CAN HDY 10.4/12.5KVAR 480V,CAPACITOR CAN HDY 10.4/12.5KVAR 480V,,,
189576177-114-759407,189576177-114-759407,/Users/tanishqjadhav/Desktop/Extractor/data/raw/189576177-114-759407/759407_640x480_left.jpg,left,/Users/tanishqjadhav/Desktop/Extractor/data/raw/189576177-114-759407/759407.txt,BLRCH104A125B48,90-07032026-031541,Schneider Electric,,CAPACITOR CAN HDY 10.4/12.5KVAR 480V,CAPACITOR CAN HDY 10.4/12.5KVAR 480V,,,
189576177-114-759407,189576177-114-759407,/Users/tanishqjadhav/Desktop/Extractor/data/raw/189576177-114-759407/759407_640x480_top.jpg,top,/Users/tanishqjadhav/Desktop/Extractor/data/raw/189576177-114-759407/759407.txt,BLRCH104A125B48,90-07032026-031541,Schneider Electric,,CAPACITOR CAN HDY 10.4/12.5KVAR 480V,CAPACITOR CAN HDY 10.4/12.5KVAR 480V,,,
189576026-114-70258696,189576026-114-70258696,/Users/tanishqjadhav/Desktop/Extractor/data/raw/189576026-114-70258696/70258696_640x480_back.jpg,back,/Users/tanishqjadhav/Desktop/Extractor/data/raw/189576026-114-70258696/70258696.txt,EEH-ZA1E101XP,90-07122023-062746,Panasonic,,Hybrid Cap SMT ZA 25V 100uF low ESR,Hybrid Cap SMT ZA 25V 100uF low ESR,,,
189576026-114-70258696,189576026-114-70258696,/Users/tanishqjadhav/Desktop/Extractor/data/raw/189576026-114-70258696/70258696_640x480_bottom.jpg,bottom,/Users/tanishqjadhav/Desktop/Extractor/data/raw/189576026-114-70258696/70258696.txt,EEH-ZA1E101XP,90-07122023-062746,Panasonic,,Hybrid Cap SMT ZA 25V 100uF low ESR,Hybrid Cap SMT ZA 25V 100uF low ESR,,,
189576026-114-70258696,189576026-114-70258696,/Users/tanishqjadhav/Desktop/Extractor/data/raw/189576026-114-70258696/70258696_640x480_left.jpg,left,/Users/tanishqjadhav/Desktop/Extractor/data/raw/189576026-114-70258696/70258696.txt,EEH-ZA1E101XP,90-07122023-062746,Panasonic,,Hybrid Cap SMT ZA 25V 100uF low ESR,Hybrid Cap SMT ZA 25V 100uF low ESR,,,
189576026-114-70258696,189576026-114-70258696,/Users/tanishqjadhav/Desktop/Extractor/data/raw/189576026-114-70258696/70258696_640x480_iso.jpg,iso,/Users/tanishqjadhav/Desktop/Extractor/data/raw/189576026-114-70258696/70258696.txt,EEH-ZA1E101XP,90-07122023-062746,Panasonic,,Hybrid Cap SMT ZA 25V 100uF low ESR,Hybrid Cap SMT ZA 25V 100uF low ESR,,,
189576026-114-70258696,189576026-114-70258696,/Users/tanishqjadhav/Desktop/Extractor/data/raw/189576026-114-70258696/70258696_640x480_front.jpg,front,/Users/tanishqjadhav/Desktop/Extractor/data/raw/189576026-114-70258696/70258696.txt,EEH-ZA1E101XP,90-07122023-062746,Panasonic,,Hybrid Cap SMT ZA 25V 100uF low ESR,Hybrid Cap SMT ZA 25V 100uF low ESR,,,
189576026-114-70258696,189576026-114-70258696,/Users/tanishqjadhav/Desktop/Extractor/data/raw/189576026-114-70258696/70258696_640x480_right.jpg,right,/Users/tanishqjadhav/Desktop/Extractor/data/raw/189576026-114-70258696/70258696.txt,EEH-ZA1E101XP,90-07122023-062746,Panasonic,,Hybrid Cap SMT ZA 25V 100uF low ESR,Hybrid Cap SMT ZA 25V 100uF low ESR,,,
189576026-114-70258696,189576026-114-70258696,/Users/tanishqjadhav/Desktop/Extractor/data/raw/189576026-114-70258696/70258696_640x480_top.jpg,top,/Users/tanishqjadhav/Desktop/Extractor/data/raw/189576026-114-70258696/70258696.txt,EEH-ZA1E101XP,90-07122023-062746,Panasonic,,Hybrid Cap SMT ZA 25V 100uF low ESR,Hybrid Cap SMT ZA 25V 100uF low ESR,,,
189576293-114-01401215,189576293-114-01401215,/Users/tanishqjadhav/Desktop/Extractor/data/raw/189576293-114-01401215/01401215_640x480_bottom.jpg,bottom,/Users/tanishqjadhav/Desktop/Extractor/data/raw/189576293-114-01401215/01401215.txt,01401215,90-27062023-018543,Shenzhen Inovance Technology,,Absolute encoder 01401215,Absolute encoder 01401215,,,
189576293-114-01401215,189576293-114-01401215,/Users/tanishqjadhav/Desktop/Extractor/data/raw/189576293-114-01401215/01401215_640x480_iso.jpg,iso,/Users/tanishqjadhav/Desktop/Extractor/data/raw/189576293-114-01401215/01401215.txt,01401215,90-27062023-018543,Shenzhen Inovance Technology,,Absolute encoder 01401215,Absolute encoder 01401215,,,
189576293-114-01401215,189576293-114-01401215,/Users/tanishqjadhav/Desktop/Extractor/data/raw/189576293-114-01401215/01401215_640x480_top.jpg,top,/Users/tanishqjadhav/Desktop/Extractor/data/raw/189576293-114-01401215/01401215.txt,01401215,90-27062023-018543,Shenzhen Inovance Technology,,Absolute encoder 01401215,Absolute encoder 01401215,,,
189576293-114-01401215,189576293-114-01401215,/Users/tanishqjadhav/Desktop/Extractor/data/raw/189576293-114-01401215/01401215_640x480_back.jpg,back,/Users/tanishqjadhav/Desktop/Extractor/data/raw/189576293-114-01401215/01401215.txt,01401215,90-27062023-018543,Shenzhen Inovance Technology,,Absolute encoder 01401215,Absolute encoder 01401215,,,
189576293-114-01401215,189576293-114-01401215,/Users/tanishqjadhav/Desktop/Extractor/data/raw/189576293-114-01401215/01401215_640x480_right.jpg,right,/Users/tanishqjadhav/Desktop/Extractor/data/raw/189576293-114-01401215/01401215.txt,01401215,90-27062023-018543,Shenzhen Inovance Technology,,Absolute encoder 01401215,Absolute encoder 01401215,,,
189576293-114-01401215,189576293-114-01401215,/Users/tanishqjadhav/Desktop/Extractor/data/raw/189576293-114-01401215/01401215_640x480_front.jpg,front,/Users/tanishqjadhav/Desktop/Extractor/data/raw/189576293-114-01401215/01401215.txt,01401215,90-27062023-018543,Shenzhen Inovance Technology,,Absolute encoder 01401215,Absolute encoder 01401215,,,
189576293-114-01401215,189576293-114-01401215,/Users/tanishqjadhav/Desktop/Extractor/data/raw/189576293-114-01401215/01401215_640x480_left.jpg,left,/Users/tanishqjadhav/Desktop/Extractor/data/raw/189576293-114-01401215/01401215.txt,01401215,90-27062023-018543,Shenzhen Inovance Technology,,Absolute encoder 01401215,Absolute encoder 01401215,,,
189576534-114-70027399,189576534-114-70027399,/Users/tanishqjadhav/Desktop/Extractor/data/raw/189576534-114-70027399/70027399_640x480_top.jpg,top,/Users/tanishqjadhav/Desktop/Extractor/data/raw/189576534-114-70027399/70027399.txt,RN212-2-02,90-07122023-066961,Schaffner,,"1.8mH -30 to +50% Current Compensated Choke, 2A Id","1.8mH -30 to +50% Current Compensated Choke, 2A Id",,,
189576534-114-70027399,189576534-114-70027399,/Users/tanishqjadhav/Desktop/Extractor/data/raw/189576534-114-70027399/70027399_640x480_right.jpg,right,/Users/tanishqjadhav/Desktop/Extractor/data/raw/189576534-114-70027399/70027399.txt,RN212-2-02,90-07122023-066961,Schaffner,,"1.8mH -30 to +50% Current Compensated Choke, 2A Id","1.8mH -30 to +50% Current Compensated Choke, 2A Id",,,
189576534-114-70027399,189576534-114-70027399,/Users/tanishqjadhav/Desktop/Extractor/data/raw/189576534-114-70027399/70027399_640x480_front.jpg,front,/Users/tanishqjadhav/Desktop/Extractor/data/raw/189576534-114-70027399/70027399.txt,RN212-2-02,90-07122023-066961,Schaffner,,"1.8mH -30 to +50% Current Compensated Choke, 2A Id","1.8mH -30 to +50% Current Compensated Choke, 2A Id",,,
189576534-114-70027399,189576534-114-70027399,/Users/tanishqjadhav/Desktop/Extractor/data/raw/189576534-114-70027399/70027399_640x480_bottom.jpg,bottom,/Users/tanishqjadhav/Desktop/Extractor/data/raw/189576534-114-70027399/70027399.txt,RN212-2-02,90-07122023-066961,Schaffner,,"1.8mH -30 to +50% Current Compensated Choke, 2A Id","1.8mH -30 to +50% Current Compensated Choke, 2A Id",,,
189576534-114-70027399,189576534-114-70027399,/Users/tanishqjadhav/Desktop/Extractor/data/raw/189576534-114-70027399/70027399_640x480_back.jpg,back,/Users/tanishqjadhav/Desktop/Extractor/data/raw/189576534-114-70027399/70027399.txt,RN212-2-02,90-07122023-066961,Schaffner,,"1.8mH -30 to +50% Current Compensated Choke, 2A Id","1.8mH -30 to +50% Current Compensated Choke, 2A Id",,,
189576534-114-70027399,189576534-114-70027399,/Users/tanishqjadhav/Desktop/Extractor/data/raw/189576534-114-70027399/70027399_640x480_iso.jpg,iso,/Users/tanishqjadhav/Desktop/Extractor/data/raw/189576534-114-70027399/70027399.txt,RN212-2-02,90-07122023-066961,Schaffner,,"1.8mH -30 to +50% Current Compensated Choke, 2A Id","1.8mH -30 to +50% Current Compensated Choke, 2A Id",,,
189576534-114-70027399,189576534-114-70027399,/Users/tanishqjadhav/Desktop/Extractor/data/raw/189576534-114-70027399/70027399_640x480_left.jpg,left,/Users/tanishqjadhav/Desktop/Extractor/data/raw/189576534-114-70027399/70027399.txt,RN212-2-02,90-07122023-066961,Schaffner,,"1.8mH -30 to +50% Current Compensated Choke, 2A Id","1.8mH -30 to +50% Current Compensated Choke, 2A Id",,,
189576805-114-agb184,189576805-114-agb184,/Users/tanishqjadhav/Desktop/Extractor/data/raw/189576805-114-agb184/agb184_640x480_iso.jpg,iso,/Users/tanishqjadhav/Desktop/Extractor/data/raw/189576805-114-agb184/agb184.txt,AGB184,90-08092022-030475,Pelonis Technologies,,0.14 Cubic Feet Per Minute (ft³/min) Airflow (P) Micro Blower - AGB184,0.14 Cubic Feet Per Minute (ft³/min) Airflow (P) Micro Blower,,,
189576805-114-agb184,189576805-114-agb184,/Users/tanishqjadhav/Desktop/Extractor/data/raw/189576805-114-agb184/agb184_640x480_left.jpg,left,/Users/tanishqjadhav/Desktop/Extractor/data/raw/189576805-114-agb184/agb184.txt,AGB184,90-08092022-030475,Pelonis Technologies,,0.14 Cubic Feet Per Minute (ft³/min) Airflow (P) Micro Blower - AGB184,0.14 Cubic Feet Per Minute (ft³/min) Airflow (P) Micro Blower,,,
189576805-114-agb184,189576805-114-agb184,/Users/tanishqjadhav/Desktop/Extractor/data/raw/189576805-114-agb184/agb184_640x480_back.jpg,back,/Users/tanishqjadhav/Desktop/Extractor/data/raw/189576805-114-agb184/agb184.txt,AGB184,90-08092022-030475,Pelonis Technologies,,0.14 Cubic Feet Per Minute (ft³/min) Airflow (P) Micro Blower - AGB184,0.14 Cubic Feet Per Minute (ft³/min) Airflow (P) Micro Blower,,,
189576805-114-agb184,189576805-114-agb184,/Users/tanishqjadhav/Desktop/Extractor/data/raw/189576805-114-agb184/agb184_640x480_top.jpg,top,/Users/tanishqjadhav/Desktop/Extractor/data/raw/189576805-114-agb184/agb184.txt,AGB184,90-08092022-030475,Pelonis Technologies,,0.14 Cubic Feet Per Minute (ft³/min) Airflow (P) Micro Blower - AGB184,0.14 Cubic Feet Per Minute (ft³/min) Airflow (P) Micro Blower,,,
189576805-114-agb184,189576805-114-agb184,/Users/tanishqjadhav/Desktop/Extractor/data/raw/189576805-114-agb184/agb184_640x480_right.jpg,right,/Users/tanishqjadhav/Desktop/Extractor/data/raw/189576805-114-agb184/agb184.txt,AGB184,90-08092022-030475,Pelonis Technologies,,0.14 Cubic Feet Per Minute (ft³/min) Airflow (P) Micro Blower - AGB184,0.14 Cubic Feet Per Minute (ft³/min) Airflow (P) Micro Blower,,,
189576805-114-agb184,189576805-114-agb184,/Users/tanishqjadhav/Desktop/Extractor/data/raw/189576805-114-agb184/agb184_640x480_front.jpg,front,/Users/tanishqjadhav/Desktop/Extractor/data/raw/189576805-114-agb184/agb184.txt,AGB184,90-08092022-030475,Pelonis Technologies,,0.14 Cubic Feet Per Minute (ft³/min) Airflow (P) Micro Blower - AGB184,0.14 Cubic Feet Per Minute (ft³/min) Airflow (P) Micro Blower,,,
189576805-114-agb184,189576805-114-agb184,/Users/tanishqjadhav/Desktop/Extractor/data/raw/189576805-114-agb184/agb184_640x480_bottom.jpg,bottom,/Users/tanishqjadhav/Desktop/Extractor/data/raw/189576805-114-agb184/agb184.txt,AGB184,90-08092022-030475,Pelonis Technologies,,0.14 Cubic Feet Per Minute (ft³/min) Airflow (P) Micro Blower - AGB184,0.14 Cubic Feet Per Minute (ft³/min) Airflow (P) Micro Blower,,,
189576205-114-119351,189576205-114-119351,/Users/tanishqjadhav/Desktop/Extractor/data/raw/189576205-114-119351/119351_640x480_iso.jpg,iso,/Users/tanishqjadhav/Desktop/Extractor/data/raw/189576205-114-119351/119351.txt,BLRCH400A480B40,90-20112024-965079,Schneider Electric,,CONDENSATEUR CAN HDY 40/4,CONDENSATEUR CAN HDY 40/4,,,
189576205-114-119351,189576205-114-119351,/Users/tanishqjadhav/Desktop/Extractor/data/raw/189576205-114-119351/119351_640x480_top.jpg,top,/Users/tanishqjadhav/Desktop/Extractor/data/raw/189576205-114-119351/119351.txt,BLRCH400A480B40,90-20112024-965079,Schneider Electric,,CONDENSATEUR CAN HDY 40/4,CONDENSATEUR CAN HDY 40/4,,,
189576205-114-119351,189576205-114-119351,/Users/tanishqjadhav/Desktop/Extractor/data/raw/189576205-114-119351/119351_640x480_back.jpg,back,/Users/tanishqjadhav/Desktop/Extractor/data/raw/189576205-114-119351/119351.txt,BLRCH400A480B40,90-20112024-965079,Schneider Electric,,CONDENSATEUR CAN HDY 40/4,CONDENSATEUR CAN HDY 40/4,,,
189576205-114-119351,189576205-114-119351,/Users/tanishqjadhav/Desktop/Extractor/data/raw/189576205-114-119351/119351_640x480_left.jpg,left,/Users/tanishqjadhav/Desktop/Extractor/data/raw/189576205-114-119351/119351.txt,BLRCH400A480B40,90-20112024-965079,Schneider Electric,,CONDENSATEUR CAN HDY 40/4,CONDENSATEUR CAN HDY 40/4,,,
189576205-114-119351,189576205-114-119351,/Users/tanishqjadhav/Desktop/Extractor/data/raw/189576205-114-119351/119351_640x480_bottom.jpg,bottom,/Users/tanishqjadhav/Desktop/Extractor/data/raw/189576205-114-119351/119351.txt,BLRCH400A480B40,90-20112024-965079,Schneider Electric,,CONDENSATEUR CAN HDY 40/4,CONDENSATEUR CAN HDY 40/4,,,
189576205-114-119351,189576205-114-119351,/Users/tanishqjadhav/Desktop/Extractor/data/raw/189576205-114-119351/119351_640x480_right.jpg,right,/Users/tanishqjadhav/Desktop/Extractor/data/raw/189576205-114-119351/119351.txt,BLRCH400A480B40,90-20112024-965079,Schneider Electric,,CONDENSATEUR CAN HDY 40/4,CONDENSATEUR CAN HDY 40/4,,,
189576205-114-119351,189576205-114-119351,/Users/tanishqjadhav/Desktop/Extractor/data/raw/189576205-114-119351/119351_640x480_front.jpg,front,/Users/tanishqjadhav/Desktop/Extractor/data/raw/189576205-114-119351/119351.txt,BLRCH400A480B40,90-20112024-965079,Schneider Electric,,CONDENSATEUR CAN HDY 40/4,CONDENSATEUR CAN HDY 40/4,,,
189576054-114-ldeia1100ka0n00,189576054-114-ldeia1100ka0n00,/Users/tanishqjadhav/Desktop/Extractor/data/raw/189576054-114-ldeia1100ka0n00/ldeia1100ka0n00_640x480_back.jpg,back,/Users/tanishqjadhav/Desktop/Extractor/data/raw/189576054-114-ldeia1100ka0n00/ldeia1100ka0n00.txt,LDEIA1100KA0N00,10-05092019-121363,KEMET,,"KEMET 0.001μF PEN Film Capacitor 120 V dc, 250 V dc ±10% Tolerance SMD LDE Series","KEMET 0.001μF PEN Film Capacitor 120 V dc, 250 V dc ±10% Tolerance SMD LDE Series",,,
189576054-114-ldeia1100ka0n00,189576054-114-ldeia1100ka0n00,/Users/tanishqjadhav/Desktop/Extractor/data/raw/189576054-114-ldeia1100ka0n00/ldeia1100ka0n00_640x480_left.jpg,left,/Users/tanishqjadhav/Desktop/Extractor/data/raw/189576054-114-ldeia1100ka0n00/ldeia1100ka0n00.txt,LDEIA1100KA0N00,10-05092019-121363,KEMET,,"KEMET 0.001μF PEN Film Capacitor 120 V dc, 250 V dc ±10% Tolerance SMD LDE Series","KEMET 0.001μF PEN Film Capacitor 120 V dc, 250 V dc ±10% Tolerance SMD LDE Series",,,
189576054-114-ldeia1100ka0n00,189576054-114-ldeia1100ka0n00,/Users/tanishqjadhav/Desktop/Extractor/data/raw/189576054-114-ldeia1100ka0n00/ldeia1100ka0n00_640x480_front.jpg,front,/Users/tanishqjadhav/Desktop/Extractor/data/raw/189576054-114-ldeia1100ka0n00/ldeia1100ka0n00.txt,LDEIA1100KA0N00,10-05092019-121363,KEMET,,"KEMET 0.001μF PEN Film Capacitor 120 V dc, 250 V dc ±10% Tolerance SMD LDE Series","KEMET 0.001μF PEN Film Capacitor 120 V dc, 250 V dc ±10% Tolerance SMD LDE Series",,,
189576054-114-ldeia1100ka0n00,189576054-114-ldeia1100ka0n00,/Users/tanishqjadhav/Desktop/Extractor/data/raw/189576054-114-ldeia1100ka0n00/ldeia1100ka0n00_640x480_right.jpg,right,/Users/tanishqjadhav/Desktop/Extractor/data/raw/189576054-114-ldeia1100ka0n00/ldeia1100ka0n00.txt,LDEIA1100KA0N00,10-05092019-121363,KEMET,,"KEMET 0.001μF PEN Film Capacitor 120 V dc, 250 V dc ±10% Tolerance SMD LDE Series","KEMET 0.001μF PEN Film Capacitor 120 V dc, 250 V dc ±10% Tolerance SMD LDE Series",,,
189576054-114-ldeia1100ka0n00,189576054-114-ldeia1100ka0n00,/Users/tanishqjadhav/Desktop/Extractor/data/raw/189576054-114-ldeia1100ka0n00/ldeia1100ka0n00_640x480_top.jpg,top,/Users/tanishqjadhav/Desktop/Extractor/data/raw/189576054-114-ldeia1100ka0n00/ldeia1100ka0n00.txt,LDEIA1100KA0N00,10-05092019-121363,KEMET,,"KEMET 0.001μF PEN Film Capacitor 120 V dc, 250 V dc ±10% Tolerance SMD LDE Series","KEMET 0.001μF PEN Film Capacitor 120 V dc, 250 V dc ±10% Tolerance SMD LDE Series",,,
189576054-114-ldeia1100ka0n00,189576054-114-ldeia1100ka0n00,/Users/tanishqjadhav/Desktop/Extractor/data/raw/189576054-114-ldeia1100ka0n00/ldeia1100ka0n00_640x480_bottom.jpg,bottom,/Users/tanishqjadhav/Desktop/Extractor/data/raw/189576054-114-ldeia1100ka0n00/ldeia1100ka0n00.txt,LDEIA1100KA0N00,10-05092019-121363,KEMET,,"KEMET 0.001μF PEN Film Capacitor 120 V dc, 250 V dc ±10% Tolerance SMD LDE Series","KEMET 0.001μF PEN Film Capacitor 120 V dc, 250 V dc ±10% Tolerance SMD LDE Series",,,
189576054-114-ldeia1100ka0n00,189576054-114-ldeia1100ka0n00,/Users/tanishqjadhav/Desktop/Extractor/data/raw/189576054-114-ldeia1100ka0n00/ldeia1100ka0n00_640x480_iso.jpg,iso,/Users/tanishqjadhav/Desktop/Extractor/data/raw/189576054-114-ldeia1100ka0n00/ldeia1100ka0n00.txt,LDEIA1100KA0N00,10-05092019-121363,KEMET,,"KEMET 0.001μF PEN Film Capacitor 120 V dc, 250 V dc ±10% Tolerance SMD LDE Series","KEMET 0.001μF PEN Film Capacitor 120 V dc, 250 V dc ±10% Tolerance SMD LDE Series",,,
189576249-114-fg0h104zf,189576249-114-fg0h104zf,/Users/tanishqjadhav/Desktop/Extractor/data/raw/189576249-114-fg0h104zf/fg0h104zf_640x480_top.jpg,top,/Users/tanishqjadhav/Desktop/Extractor/data/raw/189576249-114-fg0h104zf/fg0h104zf.txt,FG0H104ZF,10-04092019-090162,KEMET,,KEMET 0.1F Supercapacitor EDLC -20  +80% Tolerance Supercap FG Series 5.5V dc Through Hole,KEMET 0.1F Supercapacitor EDLC -20  +80% Tolerance Supercap FG Series 5.5V dc Through Hole,,,
189576249-114-fg0h104zf,189576249-114-fg0h104zf,/Users/tanishqjadhav/Desktop/Extractor/data/raw/189576249-114-fg0h104zf/fg0h104zf_640x480_iso.jpg,iso,/Users/tanishqjadhav/Desktop/Extractor/data/raw/189576249-114-fg0h104zf/fg0h104zf.txt,FG0H104ZF,10-04092019-090162,KEMET,,KEMET 0.1F Supercapacitor EDLC -20  +80% Tolerance Supercap FG Series 5.5V dc Through Hole,KEMET 0.1F Supercapacitor EDLC -20  +80% Tolerance Supercap FG Series 5.5V dc Through Hole,,,
189576249-114-fg0h104zf,189576249-114-fg0h104zf,/Users/tanishqjadhav/Desktop/Extractor/data/raw/189576249-114-fg0h104zf/fg0h104zf_640x480_bottom.jpg,bottom,/Users/tanishqjadhav/Desktop/Extractor/data/raw/189576249-114-fg0h104zf/fg0h104zf.txt,FG0H104ZF,10-04092019-090162,KEMET,,KEMET 0.1F Supercapacitor EDLC -20  +80% Tolerance Supercap FG Series 5.5V dc Through Hole,KEMET 0.1F Supercapacitor EDLC -20  +80% Tolerance Supercap FG Series 5.5V dc Through Hole,,,
189576249-114-fg0h104zf,189576249-114-fg0h104zf,/Users/tanishqjadhav/Desktop/Extractor/data/raw/189576249-114-fg0h104zf/fg0h104zf_640x480_left.jpg,left,/Users/tanishqjadhav/Desktop/Extractor/data/raw/189576249-114-fg0h104zf/fg0h104zf.txt,FG0H104ZF,10-04092019-090162,KEMET,,KEMET 0.1F Supercapacitor EDLC -20  +80% Tolerance Supercap FG Series 5.5V dc Through Hole,KEMET 0.1F Supercapacitor EDLC -20  +80% Tolerance Supercap FG Series 5.5V dc Through Hole,,,
189576249-114-fg0h104zf,189576249-114-fg0h104zf,/Users/tanishqjadhav/Desktop/Extractor/data/raw/189576249-114-fg0h104zf/fg0h104zf_640x480_back.jpg,back,/Users/tanishqjadhav/Desktop/Extractor/data/raw/189576249-114-fg0h104zf/fg0h104zf.txt,FG0H104ZF,10-04092019-090162,KEMET,,KEMET 0.1F Supercapacitor EDLC -20  +80% Tolerance Supercap FG Series 5.5V dc Through Hole,KEMET 0.1F Supercapacitor EDLC -20  +80% Tolerance Supercap FG Series 5.5V dc Through Hole,,,
189576249-114-fg0h104zf,189576249-114-fg0h104zf,/Users/tanishqjadhav/Desktop/Extractor/data/raw/189576249-114-fg0h104zf/fg0h104zf_640x480_right.jpg,right,/Users/tanishqjadhav/Desktop/Extractor/data/raw/189576249-114-fg0h104zf/fg0h104zf.txt,FG0H104ZF,10-04092019-090162,KEMET,,KEMET 0.1F Supercapacitor EDLC -20  +80% Tolerance Supercap FG Series 5.5V dc Through Hole,KEMET 0.1F Supercapacitor EDLC -20  +80% Tolerance Supercap FG Series 5.5V dc Through Hole,,,
189576249-114-fg0h104zf,189576249-114-fg0h104zf,/Users/tanishqjadhav/Desktop/Extractor/data/raw/189576249-114-fg0h104zf/fg0h104zf_640x480_front.jpg,front,/Users/tanishqjadhav/Desktop/Extractor/data/raw/189576249-114-fg0h104zf/fg0h104zf.txt,FG0H104ZF,10-04092019-090162,KEMET,,KEMET 0.1F Supercapacitor EDLC -20  +80% Tolerance Supercap FG Series 5.5V dc Through Hole,KEMET 0.1F Supercapacitor EDLC -20  +80% Tolerance Supercap FG Series 5.5V dc Through Hole,,,
189576900-114-mini-excavator_yellow,189576900-114-mini-excavator_yellow,/Users/tanishqjadhav/Desktop/Extractor/data/raw/189576900-114-mini-excavator_yellow/mini-excavator_yellow_640x480_back.jpg,back,/Users/tanishqjadhav/Desktop/Extractor/data/raw/189576900-114-mini-excavator_yellow/mini-excavator_yellow.txt,,10-09082013-069519,TraceParts,,Mini-excavator,"Mini-excavator, Yellow Color",,,
189576900-114-mini-excavator_yellow,189576900-114-mini-excavator_yellow,/Users/tanishqjadhav/Desktop/Extractor/data/raw/189576900-114-mini-excavator_yellow/mini-excavator_yellow_640x480_left.jpg,left,/Users/tanishqjadhav/Desktop/Extractor/data/raw/189576900-114-mini-excavator_yellow/mini-excavator_yellow.txt,,10-09082013-069519,TraceParts,,Mini-excavator,"Mini-excavator, Yellow Color",,,
189576900-114-mini-excavator_yellow,189576900-114-mini-excavator_yellow,/Users/tanishqjadhav/Desktop/Extractor/data/raw/189576900-114-mini-excavator_yellow/mini-excavator_yellow_640x480_bottom.jpg,bottom,/Users/tanishqjadhav/Desktop/Extractor/data/raw/189576900-114-mini-excavator_yellow/mini-excavator_yellow.txt,,10-09082013-069519,TraceParts,,Mini-excavator,"Mini-excavator, Yellow Color",,,
189576900-114-mini-excavator_yellow,189576900-114-mini-excavator_yellow,/Users/tanishqjadhav/Desktop/Extractor/data/raw/189576900-114-mini-excavator_yellow/mini-excavator_yellow_640x480_top.jpg,top,/Users/tanishqjadhav/Desktop/Extractor/data/raw/189576900-114-mini-excavator_yellow/mini-excavator_yellow.txt,,10-09082013-069519,TraceParts,,Mini-excavator,"Mini-excavator, Yellow Color",,,
189576900-114-mini-excavator_yellow,189576900-114-mini-excavator_yellow,/Users/tanishqjadhav/Desktop/Extractor/data/raw/189576900-114-mini-excavator_yellow/mini-excavator_yellow_640x480_iso.jpg,iso,/Users/tanishqjadhav/Desktop/Extractor/data/raw/189576900-114-mini-excavator_yellow/mini-excavator_yellow.txt,,10-09082013-069519,TraceParts,,Mini-excavator,"Mini-excavator, Yellow Color",,,
189576900-114-mini-excavator_yellow,189576900-114-mini-excavator_yellow,/Users/tanishqjadhav/Desktop/Extractor/data/raw/189576900-114-mini-excavator_yellow/mini-excavator_yellow_640x480_right.jpg,right,/Users/tanishqjadhav/Desktop/Extractor/data/raw/189576900-114-mini-excavator_yellow/mini-excavator_yellow.txt,,10-09082013-069519,TraceParts,,Mini-excavator,"Mini-excavator, Yellow Color",,,
189576900-114-mini-excavator_yellow,189576900-114-mini-excavator_yellow,/Users/tanishqjadhav/Desktop/Extractor/data/raw/189576900-114-mini-excavator_yellow/mini-excavator_yellow_640x480_front.jpg,front,/Users/tanishqjadhav/Desktop/Extractor/data/raw/189576900-114-mini-excavator_yellow/mini-excavator_yellow.txt,,10-09082013-069519,TraceParts,,Mini-excavator,"Mini-excavator, Yellow Color",,,
189576453-114-1859782,189576453-114-1859782,/Users/tanishqjadhav/Desktop/Extractor/data/raw/189576453-114-1859782/1859782_640x480_left.jpg,left,/Users/tanishqjadhav/Desktop/Extractor/data/raw/189576453-114-1859782/1859782.txt,1859782,27-05639103-016526,PHOENIX CONTACT,,FIL-3C-1H -20A-480AC,EMC filter,,,
189576453-114-1859782,189576453-114-1859782,/Users/tanishqjadhav/Desktop/Extractor/data/raw/189576453-114-1859782/1859782_640x480_back.jpg,back,/Users/tanishqjadhav/Desktop/Extractor/data/raw/189576453-114-1859782/1859782.txt,1859782,27-05639103-016526,PHOENIX CONTACT,,FIL-3C-1H -20A-480AC,EMC filter,,,
189576453-114-1859782,189576453-114-1859782,/Users/tanishqjadhav/Desktop/Extractor/data/raw/189576453-114-1859782/1859782_640x480_top.jpg,top,/Users/tanishqjadhav/Desktop/Extractor/data/raw/189576453-114-1859782/1859782.txt,1859782,27-05639103-016526,PHOENIX CONTACT,,FIL-3C-1H -20A-480AC,EMC filter,,,
189576453-114-1859782,189576453-114-1859782,/Users/tanishqjadhav/Desktop/Extractor/data/raw/189576453-114-1859782/1859782_640x480_bottom.jpg,bottom,/Users/tanishqjadhav/Desktop/Extractor/data/raw/189576453-114-1859782/1859782.txt,1859782,27-05639103-016526,PHOENIX CONTACT,,FIL-3C-1H -20A-480AC,EMC filter,,,
189576453-114-1859782,189576453-114-1859782,/Users/tanishqjadhav/Desktop/Extractor/data/raw/189576453-114-1859782/1859782_640x480_front.jpg,front,/Users/tanishqjadhav/Desktop/Extractor/data/raw/189576453-114-1859782/1859782.txt,1859782,27-05639103-016526,PHOENIX CONTACT,,FIL-3C-1H -20A-480AC,EMC filter,,,
189576453-114-1859782,189576453-114-1859782,/Users/tanishqjadhav/Desktop/Extractor/data/raw/189576453-114-1859782/1859782_640x480_right.jpg,right,/Users/tanishqjadhav/Desktop/Extractor/data/raw/189576453-114-1859782/1859782.txt,1859782,27-05639103-016526,PHOENIX CONTACT,,FIL-3C-1H -20A-480AC,EMC filter,,,
189576453-114-1859782,189576453-114-1859782,/Users/tanishqjadhav/Desktop/Extractor/data/raw/189576453-114-1859782/1859782_640x480_iso.jpg,iso,/Users/tanishqjadhav/Desktop/Extractor/data/raw/189576453-114-1859782/1859782.txt,1859782,27-05639103-016526,PHOENIX CONTACT,,FIL-3C-1H -20A-480AC,EMC filter,,,
189576355-114-bpf_24_01,189576355-114-bpf_24_01,/Users/tanishqjadhav/Desktop/Extractor/data/raw/189576355-114-bpf_24_01/bpf_24_01_640x480_right.jpg,right,/Users/tanishqjadhav/Desktop/Extractor/data/raw/189576355-114-bpf_24_01/bpf_24_01.txt,BPF.24.01,90-17062020-038107,Taoglas,,Airvu BPF.24 2.4GHz Band Pass Filter,Airvu BPF.24 2.4GHz Band Pass Filter,,,
189576355-114-bpf_24_01,189576355-114-bpf_24_01,/Users/tanishqjadhav/Desktop/Extractor/data/raw/189576355-114-bpf_24_01/bpf_24_01_640x480_front.jpg,front,/Users/tanishqjadhav/Desktop/Extractor/data/raw/189576355-114-bpf_24_01/bpf_24_01.txt,BPF.24.01,90-17062020-038107,Taoglas,,Airvu BPF.24 2.4GHz Band Pass Filter,Airvu BPF.24 2.4GHz Band Pass Filter,,,
189576355-114-bpf_24_01,189576355-114-bpf_24_01,/Users/tanishqjadhav/Desktop/Extractor/data/raw/189576355-114-bpf_24_01/bpf_24_01_640x480_left.jpg,left,/Users/tanishqjadhav/Desktop/Extractor/data/raw/189576355-114-bpf_24_01/bpf_24_01.txt,BPF.24.01,90-17062020-038107,Taoglas,,Airvu BPF.24 2.4GHz Band Pass Filter,Airvu BPF.24 2.4GHz Band Pass Filter,,,
189576355-114-bpf_24_01,189576355-114-bpf_24_01,/Users/tanishqjadhav/Desktop/Extractor/data/raw/189576355-114-bpf_24_01/bpf_24_01_640x480_bottom.jpg,bottom,/Users/tanishqjadhav/Desktop/Extractor/data/raw/189576355-114-bpf_24_01/bpf_24_01.txt,BPF.24.01,90-17062020-038107,Taoglas,,Airvu BPF.24 2.4GHz Band Pass Filter,Airvu BPF.24 2.4GHz Band Pass Filter,,,
189576355-114-bpf_24_01,189576355-114-bpf_24_01,/Users/tanishqjadhav/Desktop/Extractor/data/raw/189576355-114-bpf_24_01/bpf_24_01_640x480_top.jpg,top,/Users/tanishqjadhav/Desktop/Extractor/data/raw/189576355-114-bpf_24_01/bpf_24_01.txt,BPF.24.01,90-17062020-038107,Taoglas,,Airvu BPF.24 2.4GHz Band Pass Filter,Airvu BPF.24 2.4GHz Band Pass Filter,,,
189576355-114-bpf_24_01,189576355-114-bpf_24_01,/Users/tanishqjadhav/Desktop/Extractor/data/raw/189576355-114-bpf_24_01/bpf_24_01_640x480_back.jpg,back,/Users/tanishqjadhav/Desktop/Extractor/data/raw/189576355-114-bpf_24_01/bpf_24_01.txt,BPF.24.01,90-17062020-038107,Taoglas,,Airvu BPF.24 2.4GHz Band Pass Filter,Airvu BPF.24 2.4GHz Band Pass Filter,,,
189576355-114-bpf_24_01,189576355-114-bpf_24_01,/Users/tanishqjadhav/Desktop/Extractor/data/raw/189576355-114-bpf_24_01/bpf_24_01_640x480_iso.jpg,iso,/Users/tanishqjadhav/Desktop/Extractor/data/raw/189576355-114-bpf_24_01/bpf_24_01.txt,BPF.24.01,90-17062020-038107,Taoglas,,Airvu BPF.24 2.4GHz Band Pass Filter,Airvu BPF.24 2.4GHz Band Pass Filter,,,
189576478-114-70996524,189576478-114-70996524,/Users/tanishqjadhav/Desktop/Extractor/data/raw/189576478-114-70996524/70996524_640x480_back.jpg,back,/Users/tanishqjadhav/Desktop/Extractor/data/raw/189576478-114-70996524/70996524.txt,7448262510,90-06122023-044204,Wurth Elektronik,,"1000 µH ±30 % Ferrite Leaded Inductor, Max SRF:0.1","1000 µH ±30 % Ferrite Leaded Inductor, Max SRF:0.1",,,
189576478-114-70996524,189576478-114-70996524,/Users/tanishqjadhav/Desktop/Extractor/data/raw/189576478-114-70996524/70996524_640x480_bottom.jpg,bottom,/Users/tanishqjadhav/Desktop/Extractor/data/raw/189576478-114-70996524/70996524.txt,7448262510,90-06122023-044204,Wurth Elektronik,,"1000 µH ±30 % Ferrite Leaded Inductor, Max SRF:0.1","1000 µH ±30 % Ferrite Leaded Inductor, Max SRF:0.1",,,
189576478-114-70996524,189576478-114-70996524,/Users/tanishqjadhav/Desktop/Extractor/data/raw/189576478-114-70996524/70996524_640x480_iso.jpg,iso,/Users/tanishqjadhav/Desktop/Extractor/data/raw/189576478-114-70996524/70996524.txt,7448262510,90-06122023-044204,Wurth Elektronik,,"1000 µH ±30 % Ferrite Leaded Inductor, Max SRF:0.1","1000 µH ±30 % Ferrite Leaded Inductor, Max SRF:0.1",,,
189576478-114-70996524,189576478-114-70996524,/Users/tanishqjadhav/Desktop/Extractor/data/raw/189576478-114-70996524/70996524_640x480_left.jpg,left,/Users/tanishqjadhav/Desktop/Extractor/data/raw/189576478-114-70996524/70996524.txt,7448262510,90-06122023-044204,Wurth Elektronik,,"1000 µH ±30 % Ferrite Leaded Inductor, Max SRF:0.1","1000 µH ±30 % Ferrite Leaded Inductor, Max SRF:0.1",,,
189576478-114-70996524,189576478-114-70996524,/Users/tanishqjadhav/Desktop/Extractor/data/raw/189576478-114-70996524/70996524_640x480_top.jpg,top,/Users/tanishqjadhav/Desktop/Extractor/data/raw/189576478-114-70996524/70996524.txt,7448262510,90-06122023-044204,Wurth Elektronik,,"1000 µH ±30 % Ferrite Leaded Inductor, Max SRF:0.1","1000 µH ±30 % Ferrite Leaded Inductor, Max SRF:0.1",,,
189576478-114-70996524,189576478-114-70996524,/Users/tanishqjadhav/Desktop/Extractor/data/raw/189576478-114-70996524/70996524_640x480_right.jpg,right,/Users/tanishqjadhav/Desktop/Extractor/data/raw/189576478-114-70996524/70996524.txt,7448262510,90-06122023-044204,Wurth Elektronik,,"1000 µH ±30 % Ferrite Leaded Inductor, Max SRF:0.1","1000 µH ±30 % Ferrite Leaded Inductor, Max SRF:0.1",,,
189576478-114-70996524,189576478-114-70996524,/Users/tanishqjadhav/Desktop/Extractor/data/raw/189576478-114-70996524/70996524_640x480_front.jpg,front,/Users/tanishqjadhav/Desktop/Extractor/data/raw/189576478-114-70996524/70996524.txt,7448262510,90-06122023-044204,Wurth Elektronik,,"1000 µH ±30 % Ferrite Leaded Inductor, Max SRF:0.1","1000 µH ±30 % Ferrite Leaded Inductor, Max SRF:0.1",,,
189576953-114-scherzinger_pumpen_gmbh_co_kg_3030-110-zk63-120,189576953-114-scherzinger_pumpen_gmbh_co_kg_3030-110-zk63-120,/Users/tanishqjadhav/Desktop/Extractor/data/raw/189576953-114-scherzinger_pumpen_gmbh_co_kg_3030-110-zk63-120/scherzinger_pumpen_gmbh_co_kg_3030-110-zk63-120_640x480_back.jpg,back,/Users/tanishqjadhav/Desktop/Extractor/data/raw/189576953-114-scherzinger_pumpen_gmbh_co_kg_3030-110-zk63-120/scherzinger_pumpen_gmbh_co_kg_3030-110-zk63-120.txt,3030-110-ZK63-120,32-27012021-090298,SCHERZINGER PUMPEN GMBH & CO.KG,,Gear pumps 3030/3040/3050 - 110,stainless steel gear pumps 3030,,,
189576953-114-scherzinger_pumpen_gmbh_co_kg_3030-110-zk63-120,189576953-114-scherzinger_pumpen_gmbh_co_kg_3030-110-zk63-120,/Users/tanishqjadhav/Desktop/Extractor/data/raw/189576953-114-scherzinger_pumpen_gmbh_co_kg_3030-110-zk63-120/scherzinger_pumpen_gmbh_co_kg_3030-110-zk63-120_640x480_bottom.jpg,bottom,/Users/tanishqjadhav/Desktop/Extractor/data/raw/189576953-114-scherzinger_pumpen_gmbh_co_kg_3030-110-zk63-120/scherzinger_pumpen_gmbh_co_kg_3030-110-zk63-120.txt,3030-110-ZK63-120,32-27012021-090298,SCHERZINGER PUMPEN GMBH & CO.KG,,Gear pumps 3030/3040/3050 - 110,stainless steel gear pumps 3030,,,
189576953-114-scherzinger_pumpen_gmbh_co_kg_3030-110-zk63-120,189576953-114-scherzinger_pumpen_gmbh_co_kg_3030-110-zk63-120,/Users/tanishqjadhav/Desktop/Extractor/data/raw/189576953-114-scherzinger_pumpen_gmbh_co_kg_3030-110-zk63-120/scherzinger_pumpen_gmbh_co_kg_3030-110-zk63-120_640x480_left.jpg,left,/Users/tanishqjadhav/Desktop/Extractor/data/raw/189576953-114-scherzinger_pumpen_gmbh_co_kg_3030-110-zk63-120/scherzinger_pumpen_gmbh_co_kg_3030-110-zk63-120.txt,3030-110-ZK63-120,32-27012021-090298,SCHERZINGER PUMPEN GMBH & CO.KG,,Gear pumps 3030/3040/3050 - 110,stainless steel gear pumps 3030,,,
189576953-114-scherzinger_pumpen_gmbh_co_kg_3030-110-zk63-120,189576953-114-scherzinger_pumpen_gmbh_co_kg_3030-110-zk63-120,/Users/tanishqjadhav/Desktop/Extractor/data/raw/189576953-114-scherzinger_pumpen_gmbh_co_kg_3030-110-zk63-120/scherzinger_pumpen_gmbh_co_kg_3030-110-zk63-120_640x480_iso.jpg,iso,/Users/tanishqjadhav/Desktop/Extractor/data/raw/189576953-114-scherzinger_pumpen_gmbh_co_kg_3030-110-zk63-120/scherzinger_pumpen_gmbh_co_kg_3030-110-zk63-120.txt,3030-110-ZK63-120,32-27012021-090298,SCHERZINGER PUMPEN GMBH & CO.KG,,Gear pumps 3030/3040/3050 - 110,stainless steel gear pumps 3030,,,
189576953-114-scherzinger_pumpen_gmbh_co_kg_3030-110-zk63-120,189576953-114-scherzinger_pumpen_gmbh_co_kg_3030-110-zk63-120,/Users/tanishqjadhav/Desktop/Extractor/data/raw/189576953-114-scherzinger_pumpen_gmbh_co_kg_3030-110-zk63-120/scherzinger_pumpen_gmbh_co_kg_3030-110-zk63-120_640x480_right.jpg,right,/Users/tanishqjadhav/Desktop/Extractor/data/raw/189576953-114-scherzinger_pumpen_gmbh_co_kg_3030-110-zk63-120/scherzinger_pumpen_gmbh_co_kg_3030-110-zk63-120.txt,3030-110-ZK63-120,32-27012021-090298,SCHERZINGER PUMPEN GMBH & CO.KG,,Gear pumps 3030/3040/3050 - 110,stainless steel gear pumps 3030,,,
189576953-114-scherzinger_pumpen_gmbh_co_kg_3030-110-zk63-120,189576953-114-scherzinger_pumpen_gmbh_co_kg_3030-110-zk63-120,/Users/tanishqjadhav/Desktop/Extractor/data/raw/189576953-114-scherzinger_pumpen_gmbh_co_kg_3030-110-zk63-120/scherzinger_pumpen_gmbh_co_kg_3030-110-zk63-120_640x480_front.jpg,front,/Users/tanishqjadhav/Desktop/Extractor/data/raw/189576953-114-scherzinger_pumpen_gmbh_co_kg_3030-110-zk63-120/scherzinger_pumpen_gmbh_co_kg_3030-110-zk63-120.txt,3030-110-ZK63-120,32-27012021-090298,SCHERZINGER PUMPEN GMBH & CO.KG,,Gear pumps 3030/3040/3050 - 110,stainless steel gear pumps 3030,,,
189576953-114-scherzinger_pumpen_gmbh_co_kg_3030-110-zk63-120,189576953-114-scherzinger_pumpen_gmbh_co_kg_3030-110-zk63-120,/Users/tanishqjadhav/Desktop/Extractor/data/raw/189576953-114-scherzinger_pumpen_gmbh_co_kg_3030-110-zk63-120/scherzinger_pumpen_gmbh_co_kg_3030-110-zk63-120_640x480_top.jpg,top,/Users/tanishqjadhav/Desktop/Extractor/data/raw/189576953-114-scherzinger_pumpen_gmbh_co_kg_3030-110-zk63-120/scherzinger_pumpen_gmbh_co_kg_3030-110-zk63-120.txt,3030-110-ZK63-120,32-27012021-090298,SCHERZINGER PUMPEN GMBH & CO.KG,,Gear pumps 3030/3040/3050 - 110,stainless steel gear pumps 3030,,,
189576464-114-c1-106812,189576464-114-c1-106812,/Users/tanishqjadhav/Desktop/Extractor/data/raw/189576464-114-c1-106812/c1-106812_640x480_iso.jpg,iso,/Users/tanishqjadhav/Desktop/Extractor/data/raw/189576464-114-c1-106812/c1-106812.txt,C1-106812,90-21102021-059947,WEH FluidTech,,Filter TSF4 CNG for CNG vehicles / fueling stations (ECE),"WEH® Filter TSF4 CNG for CNG vehicles (ECE), T-Filter, tube Ø 16 on both sides, 40 micron, 200 bar",,,
189576464-114-c1-106812,189576464-114-c1-106812,/Users/tanishqjadhav/Desktop/Extractor/data/raw/189576464-114-c1-106812/c1-106812_640x480_back.jpg,back,/Users/tanishqjadhav/Desktop/Extractor/data/raw/189576464-114-c1-106812/c1-106812.txt,C1-106812,90-21102021-059947,WEH FluidTech,,Filter TSF4 CNG for CNG vehicles / fueling stations (ECE),"WEH® Filter TSF4 CNG for CNG vehicles (ECE), T-Filter, tube Ø 16 on both sides, 40 micron, 200 bar",,,
189576464-114-c1-106812,189576464-114-c1-106812,/Users/tanishqjadhav/Desktop/Extractor/data/raw/189576464-114-c1-106812/c1-106812_640x480_top.jpg,top,/Users/tanishqjadhav/Desktop/Extractor/data/raw/189576464-114-c1-106812/c1-106812.txt,C1-106812,90-21102021-059947,WEH FluidTech,,Filter TSF4 CNG for CNG vehicles / fueling stations (ECE),"WEH® Filter TSF4 CNG for CNG vehicles (ECE), T-Filter, tube Ø 16 on both sides, 40 micron, 200 bar",,,
189576464-114-c1-106812,189576464-114-c1-106812,/Users/tanishqjadhav/Desktop/Extractor/data/raw/189576464-114-c1-106812/c1-106812_640x480_bottom.jpg,bottom,/Users/tanishqjadhav/Desktop/Extractor/data/raw/189576464-114-c1-106812/c1-106812.txt,C1-106812,90-21102021-059947,WEH FluidTech,,Filter TSF4 CNG for CNG vehicles / fueling stations (ECE),"WEH® Filter TSF4 CNG for CNG vehicles (ECE), T-Filter, tube Ø 16 on both sides, 40 micron, 200 bar",,,
189576464-114-c1-106812,189576464-114-c1-106812,/Users/tanishqjadhav/Desktop/Extractor/data/raw/189576464-114-c1-106812/c1-106812_640x480_left.jpg,left,/Users/tanishqjadhav/Desktop/Extractor/data/raw/189576464-114-c1-106812/c1-106812.txt,C1-106812,90-21102021-059947,WEH FluidTech,,Filter TSF4 CNG for CNG vehicles / fueling stations (ECE),"WEH® Filter TSF4 CNG for CNG vehicles (ECE), T-Filter, tube Ø 16 on both sides, 40 micron, 200 bar",,,
189576464-114-c1-106812,189576464-114-c1-106812,/Users/tanishqjadhav/Desktop/Extractor/data/raw/189576464-114-c1-106812/c1-106812_640x480_right.jpg,right,/Users/tanishqjadhav/Desktop/Extractor/data/raw/189576464-114-c1-106812/c1-106812.txt,C1-106812,90-21102021-059947,WEH FluidTech,,Filter TSF4 CNG for CNG vehicles / fueling stations (ECE),"WEH® Filter TSF4 CNG for CNG vehicles (ECE), T-Filter, tube Ø 16 on both sides, 40 micron, 200 bar",,,
189576464-114-c1-106812,189576464-114-c1-106812,/Users/tanishqjadhav/Desktop/Extractor/data/raw/189576464-114-c1-106812/c1-106812_640x480_front.jpg,front,/Users/tanishqjadhav/Desktop/Extractor/data/raw/189576464-114-c1-106812/c1-106812.txt,C1-106812,90-21102021-059947,WEH FluidTech,,Filter TSF4 CNG for CNG vehicles / fueling stations (ECE),"WEH® Filter TSF4 CNG for CNG vehicles (ECE), T-Filter, tube Ø 16 on both sides, 40 micron, 200 bar",,,
189576400-114-mmq-40125hm,189576400-114-mmq-40125hm,/Users/tanishqjadhav/Desktop/Extractor/data/raw/189576400-114-mmq-40125hm/mmq-40125hm_640x480_top.jpg,top,/Users/tanishqjadhav/Desktop/Extractor/data/raw/189576400-114-mmq-40125hm/mmq-40125hm.txt,MMQ-40125HM,90-19012025-062456,Marki Microwave,,GaAs MMIC Millimeter Wave 4x Multiplier MMQ-40125HM,GaAs MMIC Millimeter Wave 4x Multiplier,,,
189576400-114-mmq-40125hm,189576400-114-mmq-40125hm,/Users/tanishqjadhav/Desktop/Extractor/data/raw/189576400-114-mmq-40125hm/mmq-40125hm_640x480_right.jpg,right,/Users/tanishqjadhav/Desktop/Extractor/data/raw/189576400-114-mmq-40125hm/mmq-40125hm.txt,MMQ-40125HM,90-19012025-062456,Marki Microwave,,GaAs MMIC Millimeter Wave 4x Multiplier MMQ-40125HM,GaAs MMIC Millimeter Wave 4x Multiplier,,,
189576400-114-mmq-40125hm,189576400-114-mmq-40125hm,/Users/tanishqjadhav/Desktop/Extractor/data/raw/189576400-114-mmq-40125hm/mmq-40125hm_640x480_front.jpg,front,/Users/tanishqjadhav/Desktop/Extractor/data/raw/189576400-114-mmq-40125hm/mmq-40125hm.txt,MMQ-40125HM,90-19012025-062456,Marki Microwave,,GaAs MMIC Millimeter Wave 4x Multiplier MMQ-40125HM,GaAs MMIC Millimeter Wave 4x Multiplier,,,
189576400-114-mmq-40125hm,189576400-114-mmq-40125hm,/Users/tanishqjadhav/Desktop/Extractor/data/raw/189576400-114-mmq-40125hm/mmq-40125hm_640x480_iso.jpg,iso,/Users/tanishqjadhav/Desktop/Extractor/data/raw/189576400-114-mmq-40125hm/mmq-40125hm.txt,MMQ-40125HM,90-19012025-062456,Marki Microwave,,GaAs MMIC Millimeter Wave 4x Multiplier MMQ-40125HM,GaAs MMIC Millimeter Wave 4x Multiplier,,,
189576400-114-mmq-40125hm,189576400-114-mmq-40125hm,/Users/tanishqjadhav/Desktop/Extractor/data/raw/189576400-114-mmq-40125hm/mmq-40125hm_640x480_left.jpg,left,/Users/tanishqjadhav/Desktop/Extractor/data/raw/189576400-114-mmq-40125hm/mmq-40125hm.txt,MMQ-40125HM,90-19012025-062456,Marki Microwave,,GaAs MMIC Millimeter Wave 4x Multiplier MMQ-40125HM,GaAs MMIC Millimeter Wave 4x Multiplier,,,
189576400-114-mmq-40125hm,189576400-114-mmq-40125hm,/Users/tanishqjadhav/Desktop/Extractor/data/raw/189576400-114-mmq-40125hm/mmq-40125hm_640x480_bottom.jpg,bottom,/Users/tanishqjadhav/Desktop/Extractor/data/raw/189576400-114-mmq-40125hm/mmq-40125hm.txt,MMQ-40125HM,90-19012025-062456,Marki Microwave,,GaAs MMIC Millimeter Wave 4x Multiplier MMQ-40125HM,GaAs MMIC Millimeter Wave 4x Multiplier,,,
189576400-114-mmq-40125hm,189576400-114-mmq-40125hm,/Users/tanishqjadhav/Desktop/Extractor/data/raw/189576400-114-mmq-40125hm/mmq-40125hm_640x480_back.jpg,back,/Users/tanishqjadhav/Desktop/Extractor/data/raw/189576400-114-mmq-40125hm/mmq-40125hm.txt,MMQ-40125HM,90-19012025-062456,Marki Microwave,,GaAs MMIC Millimeter Wave 4x Multiplier MMQ-40125HM,GaAs MMIC Millimeter Wave 4x Multiplier,,,
189576088-114-smr5103j100j01l16_5cbulk,189576088-114-smr5103j100j01l16_5cbulk,/Users/tanishqjadhav/Desktop/Extractor/data/raw/189576088-114-smr5103j100j01l16_5cbulk/smr5103j100j01l16_5cbulk_640x480_top.jpg,top,/Users/tanishqjadhav/Desktop/Extractor/data/raw/189576088-114-smr5103j100j01l16_5cbulk/smr5103j100j01l16_5cbulk.txt,SMR5103J100J01L16.5CBULK,10-03092019-106360,KEMET,,"KEMET 10nF Polyphenylene Sulphide Film Capacitor PPS 63 V ac, 100 V dc ±5% SMR Through Hole","KEMET 10nF Polyphenylene Sulphide Film Capacitor PPS 63 V ac, 100 V dc ±5% SMR Through Hole",,,
189576088-114-smr5103j100j01l16_5cbulk,189576088-114-smr5103j100j01l16_5cbulk,/Users/tanishqjadhav/Desktop/Extractor/data/raw/189576088-114-smr5103j100j01l16_5cbulk/smr5103j100j01l16_5cbulk_640x480_back.jpg,back,/Users/tanishqjadhav/Desktop/Extractor/data/raw/189576088-114-smr5103j100j01l16_5cbulk/smr5103j100j01l16_5cbulk.txt,SMR5103J100J01L16.5CBULK,10-03092019-106360,KEMET,,"KEMET 10nF Polyphenylene Sulphide Film Capacitor PPS 63 V ac, 100 V dc ±5% SMR Through Hole","KEMET 10nF Polyphenylene Sulphide Film Capacitor PPS 63 V ac, 100 V dc ±5% SMR Through Hole",,,
189576088-114-smr5103j100j01l16_5cbulk,189576088-114-smr5103j100j01l16_5cbulk,/Users/tanishqjadhav/Desktop/Extractor/data/raw/189576088-114-smr5103j100j01l16_5cbulk/smr5103j100j01l16_5cbulk_640x480_front.jpg,front,/Users/tanishqjadhav/Desktop/Extractor/data/raw/189576088-114-smr5103j100j01l16_5cbulk/smr5103j100j01l16_5cbulk.txt,SMR5103J100J01L16.5CBULK,10-03092019-106360,KEMET,,"KEMET 10nF Polyphenylene Sulphide Film Capacitor PPS 63 V ac, 100 V dc ±5% SMR Through Hole","KEMET 10nF Polyphenylene Sulphide Film Capacitor PPS 63 V ac, 100 V dc ±5% SMR Through Hole",,,
189576088-114-smr5103j100j01l16_5cbulk,189576088-114-smr5103j100j01l16_5cbulk,/Users/tanishqjadhav/Desktop/Extractor/data/raw/189576088-114-smr5103j100j01l16_5cbulk/smr5103j100j01l16_5cbulk_640x480_right.jpg,right,/Users/tanishqjadhav/Desktop/Extractor/data/raw/189576088-114-smr5103j100j01l16_5cbulk/smr5103j100j01l16_5cbulk.txt,SMR5103J100J01L16.5CBULK,10-03092019-106360,KEMET,,"KEMET 10nF Polyphenylene Sulphide Film Capacitor PPS 63 V ac, 100 V dc ±5% SMR Through Hole","KEMET 10nF Polyphenylene Sulphide Film Capacitor PPS 63 V ac, 100 V dc ±5% SMR Through Hole",,,
189576088-114-smr5103j100j01l16_5cbulk,189576088-114-smr5103j100j01l16_5cbulk,/Users/tanishqjadhav/Desktop/Extractor/data/raw/189576088-114-smr5103j100j01l16_5cbulk/smr5103j100j01l16_5cbulk_640x480_bottom.jpg,bottom,/Users/tanishqjadhav/Desktop/Extractor/data/raw/189576088-114-smr5103j100j01l16_5cbulk/smr5103j100j01l16_5cbulk.txt,SMR5103J100J01L16.5CBULK,10-03092019-106360,KEMET,,"KEMET 10nF Polyphenylene Sulphide Film Capacitor PPS 63 V ac, 100 V dc ±5% SMR Through Hole","KEMET 10nF Polyphenylene Sulphide Film Capacitor PPS 63 V ac, 100 V dc ±5% SMR Through Hole",,,
189576088-114-smr5103j100j01l16_5cbulk,189576088-114-smr5103j100j01l16_5cbulk,/Users/tanishqjadhav/Desktop/Extractor/data/raw/189576088-114-smr5103j100j01l16_5cbulk/smr5103j100j01l16_5cbulk_640x480_iso.jpg,iso,/Users/tanishqjadhav/Desktop/Extractor/data/raw/189576088-114-smr5103j100j01l16_5cbulk/smr5103j100j01l16_5cbulk.txt,SMR5103J100J01L16.5CBULK,10-03092019-106360,KEMET,,"KEMET 10nF Polyphenylene Sulphide Film Capacitor PPS 63 V ac, 100 V dc ±5% SMR Through Hole","KEMET 10nF Polyphenylene Sulphide Film Capacitor PPS 63 V ac, 100 V dc ±5% SMR Through Hole",,,
189576088-114-smr5103j100j01l16_5cbulk,189576088-114-smr5103j100j01l16_5cbulk,/Users/tanishqjadhav/Desktop/Extractor/data/raw/189576088-114-smr5103j100j01l16_5cbulk/smr5103j100j01l16_5cbulk_640x480_left.jpg,left,/Users/tanishqjadhav/Desktop/Extractor/data/raw/189576088-114-smr5103j100j01l16_5cbulk/smr5103j100j01l16_5cbulk.txt,SMR5103J100J01L16.5CBULK,10-03092019-106360,KEMET,,"KEMET 10nF Polyphenylene Sulphide Film Capacitor PPS 63 V ac, 100 V dc ±5% SMR Through Hole","KEMET 10nF Polyphenylene Sulphide Film Capacitor PPS 63 V ac, 100 V dc ±5% SMR Through Hole",,,
189576252-114-fm0v224zf,189576252-114-fm0v224zf,/Users/tanishqjadhav/Desktop/Extractor/data/raw/189576252-114-fm0v224zf/fm0v224zf_640x480_bottom.jpg,bottom,/Users/tanishqjadhav/Desktop/Extractor/data/raw/189576252-114-fm0v224zf/fm0v224zf.txt,FM0V224ZF,10-03092019-097281,KEMET,,KEMET 0.22F Supercapacitor -20 → +80% Tolerance Supercap FM Series 3.5V dc Through Hole,KEMET 0.22F Supercapacitor -20 → +80% Tolerance Supercap FM Series 3.5V dc Through Hole,,,
189576252-114-fm0v224zf,189576252-114-fm0v224zf,/Users/tanishqjadhav/Desktop/Extractor/data/raw/189576252-114-fm0v224zf/fm0v224zf_640x480_left.jpg,left,/Users/tanishqjadhav/Desktop/Extractor/data/raw/189576252-114-fm0v224zf/fm0v224zf.txt,FM0V224ZF,10-03092019-097281,KEMET,,KEMET 0.22F Supercapacitor -20 → +80% Tolerance Supercap FM Series 3.5V dc Through Hole,KEMET 0.22F Supercapacitor -20 → +80% Tolerance Supercap FM Series 3.5V dc Through Hole,,,
189576252-114-fm0v224zf,189576252-114-fm0v224zf,/Users/tanishqjadhav/Desktop/Extractor/data/raw/189576252-114-fm0v224zf/fm0v224zf_640x480_back.jpg,back,/Users/tanishqjadhav/Desktop/Extractor/data/raw/189576252-114-fm0v224zf/fm0v224zf.txt,FM0V224ZF,10-03092019-097281,KEMET,,KEMET 0.22F Supercapacitor -20 → +80% Tolerance Supercap FM Series 3.5V dc Through Hole,KEMET 0.22F Supercapacitor -20 → +80% Tolerance Supercap FM Series 3.5V dc Through Hole,,,
189576252-114-fm0v224zf,189576252-114-fm0v224zf,/Users/tanishqjadhav/Desktop/Extractor/data/raw/189576252-114-fm0v224zf/fm0v224zf_640x480_front.jpg,front,/Users/tanishqjadhav/Desktop/Extractor/data/raw/189576252-114-fm0v224zf/fm0v224zf.txt,FM0V224ZF,10-03092019-097281,KEMET,,KEMET 0.22F Supercapacitor -20 → +80% Tolerance Supercap FM Series 3.5V dc Through Hole,KEMET 0.22F Supercapacitor -20 → +80% Tolerance Supercap FM Series 3.5V dc Through Hole,,,
189576252-114-fm0v224zf,189576252-114-fm0v224zf,/Users/tanishqjadhav/Desktop/Extractor/data/raw/189576252-114-fm0v224zf/fm0v224zf_640x480_right.jpg,right,/Users/tanishqjadhav/Desktop/Extractor/data/raw/189576252-114-fm0v224zf/fm0v224zf.txt,FM0V224ZF,10-03092019-097281,KEMET,,KEMET 0.22F Supercapacitor -20 → +80% Tolerance Supercap FM Series 3.5V dc Through Hole,KEMET 0.22F Supercapacitor -20 → +80% Tolerance Supercap FM Series 3.5V dc Through Hole,,,
189576252-114-fm0v224zf,189576252-114-fm0v224zf,/Users/tanishqjadhav/Desktop/Extractor/data/raw/189576252-114-fm0v224zf/fm0v224zf_640x480_iso.jpg,iso,/Users/tanishqjadhav/Desktop/Extractor/data/raw/189576252-114-fm0v224zf/fm0v224zf.txt,FM0V224ZF,10-03092019-097281,KEMET,,KEMET 0.22F Supercapacitor -20 → +80% Tolerance Supercap FM Series 3.5V dc Through Hole,KEMET 0.22F Supercapacitor -20 → +80% Tolerance Supercap FM Series 3.5V dc Through Hole,,,
189576252-114-fm0v224zf,189576252-114-fm0v224zf,/Users/tanishqjadhav/Desktop/Extractor/data/raw/189576252-114-fm0v224zf/fm0v224zf_640x480_top.jpg,top,/Users/tanishqjadhav/Desktop/Extractor/data/raw/189576252-114-fm0v224zf/fm0v224zf.txt,FM0V224ZF,10-03092019-097281,KEMET,,KEMET 0.22F Supercapacitor -20 → +80% Tolerance Supercap FM Series 3.5V dc Through Hole,KEMET 0.22F Supercapacitor -20 → +80% Tolerance Supercap FM Series 3.5V dc Through Hole,,,
189576457-114-1334401,189576457-114-1334401,/Users/tanishqjadhav/Desktop/Extractor/data/raw/189576457-114-1334401/1334401_640x480_left.jpg,left,/Users/tanishqjadhav/Desktop/Extractor/data/raw/189576457-114-1334401/1334401.txt,1334401,27-05680915-033112,PHOENIX CONTACT,,FIL-WM-1S-1N-3A-230AC,EMC filter,,,
189576457-114-1334401,189576457-114-1334401,/Users/tanishqjadhav/Desktop/Extractor/data/raw/189576457-114-1334401/1334401_640x480_front.jpg,front,/Users/tanishqjadhav/Desktop/Extractor/data/raw/189576457-114-1334401/1334401.txt,1334401,27-05680915-033112,PHOENIX CONTACT,,FIL-WM-1S-1N-3A-230AC,EMC filter,,,
189576457-114-1334401,189576457-114-1334401,/Users/tanishqjadhav/Desktop/Extractor/data/raw/189576457-114-1334401/1334401_640x480_right.jpg,right,/Users/tanishqjadhav/Desktop/Extractor/data/raw/189576457-114-1334401/1334401.txt,1334401,27-05680915-033112,PHOENIX CONTACT,,FIL-WM-1S-1N-3A-230AC,EMC filter,,,
189576457-114-1334401,189576457-114-1334401,/Users/tanishqjadhav/Desktop/Extractor/data/raw/189576457-114-1334401/1334401_640x480_back.jpg,back,/Users/tanishqjadhav/Desktop/Extractor/data/raw/189576457-114-1334401/1334401.txt,1334401,27-05680915-033112,PHOENIX CONTACT,,FIL-WM-1S-1N-3A-230AC,EMC filter,,,
189576457-114-1334401,189576457-114-1334401,/Users/tanishqjadhav/Desktop/Extractor/data/raw/189576457-114-1334401/1334401_640x480_bottom.jpg,bottom,/Users/tanishqjadhav/Desktop/Extractor/data/raw/189576457-114-1334401/1334401.txt,1334401,27-05680915-033112,PHOENIX CONTACT,,FIL-WM-1S-1N-3A-230AC,EMC filter,,,
189576457-114-1334401,189576457-114-1334401,/Users/tanishqjadhav/Desktop/Extractor/data/raw/189576457-114-1334401/1334401_640x480_iso.jpg,iso,/Users/tanishqjadhav/Desktop/Extractor/data/raw/189576457-114-1334401/1334401.txt,1334401,27-05680915-033112,PHOENIX CONTACT,,FIL-WM-1S-1N-3A-230AC,EMC filter,,,
189576457-114-1334401,189576457-114-1334401,/Users/tanishqjadhav/Desktop/Extractor/data/raw/189576457-114-1334401/1334401_640x480_top.jpg,top,/Users/tanishqjadhav/Desktop/Extractor/data/raw/189576457-114-1334401/1334401.txt,1334401,27-05680915-033112,PHOENIX CONTACT,,FIL-WM-1S-1N-3A-230AC,EMC filter,,,
189576372-114-inv-0065,189576372-114-inv-0065,/Users/tanishqjadhav/Desktop/Extractor/data/raw/189576372-114-inv-0065/inv-0065_640x480_back.jpg,back,/Users/tanishqjadhav/Desktop/Extractor/data/raw/189576372-114-inv-0065/inv-0065.txt,INV-0065,90-19012025-062436,Marki Microwave,,Broadband Pulse Inverter INV-0065,Broadband Pulse Inverter,,,
189576372-114-inv-0065,189576372-114-inv-0065,/Users/tanishqjadhav/Desktop/Extractor/data/raw/189576372-114-inv-0065/inv-0065_640x480_bottom.jpg,bottom,/Users/tanishqjadhav/Desktop/Extractor/data/raw/189576372-114-inv-0065/inv-0065.txt,INV-0065,90-19012025-062436,Marki Microwave,,Broadband Pulse Inverter INV-0065,Broadband Pulse Inverter,,,
189576372-114-inv-0065,189576372-114-inv-0065,/Users/tanishqjadhav/Desktop/Extractor/data/raw/189576372-114-inv-0065/inv-0065_640x480_left.jpg,left,/Users/tanishqjadhav/Desktop/Extractor/data/raw/189576372-114-inv-0065/inv-0065.txt,INV-0065,90-19012025-062436,Marki Microwave,,Broadband Pulse Inverter INV-0065,Broadband Pulse Inverter,,,
189576372-114-inv-0065,189576372-114-inv-0065,/Users/tanishqjadhav/Desktop/Extractor/data/raw/189576372-114-inv-0065/inv-0065_640x480_iso.jpg,iso,/Users/tanishqjadhav/Desktop/Extractor/data/raw/189576372-114-inv-0065/inv-0065.txt,INV-0065,90-19012025-062436,Marki Microwave,,Broadband Pulse Inverter INV-0065,Broadband Pulse Inverter,,,
189576372-114-inv-0065,189576372-114-inv-0065,/Users/tanishqjadhav/Desktop/Extractor/data/raw/189576372-114-inv-0065/inv-0065_640x480_front.jpg,front,/Users/tanishqjadhav/Desktop/Extractor/data/raw/189576372-114-inv-0065/inv-0065.txt,INV-0065,90-19012025-062436,Marki Microwave,,Broadband Pulse Inverter INV-0065,Broadband Pulse Inverter,,,
189576372-114-inv-0065,189576372-114-inv-0065,/Users/tanishqjadhav/Desktop/Extractor/data/raw/189576372-114-inv-0065/inv-0065_640x480_right.jpg,right,/Users/tanishqjadhav/Desktop/Extractor/data/raw/189576372-114-inv-0065/inv-0065.txt,INV-0065,90-19012025-062436,Marki Microwave,,Broadband Pulse Inverter INV-0065,Broadband Pulse Inverter,,,
189576372-114-inv-0065,189576372-114-inv-0065,/Users/tanishqjadhav/Desktop/Extractor/data/raw/189576372-114-inv-0065/inv-0065_640x480_top.jpg,top,/Users/tanishqjadhav/Desktop/Extractor/data/raw/189576372-114-inv-0065/inv-0065.txt,INV-0065,90-19012025-062436,Marki Microwave,,Broadband Pulse Inverter INV-0065,Broadband Pulse Inverter,,,
189576135-114-als40a222db100,189576135-114-als40a222db100,/Users/tanishqjadhav/Desktop/Extractor/data/raw/189576135-114-als40a222db100/als40a222db100_640x480_left.jpg,left,/Users/tanishqjadhav/Desktop/Extractor/data/raw/189576135-114-als40a222db100/als40a222db100.txt,ALS40A222DB100,10-04092019-100515,KEMET,,100V 2200UF ALS40,100V 2200UF ALS40,,,
189576135-114-als40a222db100,189576135-114-als40a222db100,/Users/tanishqjadhav/Desktop/Extractor/data/raw/189576135-114-als40a222db100/als40a222db100_640x480_front.jpg,front,/Users/tanishqjadhav/Desktop/Extractor/data/raw/189576135-114-als40a222db100/als40a222db100.txt,ALS40A222DB100,10-04092019-100515,KEMET,,100V 2200UF ALS40,100V 2200UF ALS40,,,
189576135-114-als40a222db100,189576135-114-als40a222db100,/Users/tanishqjadhav/Desktop/Extractor/data/raw/189576135-114-als40a222db100/als40a222db100_640x480_right.jpg,right,/Users/tanishqjadhav/Desktop/Extractor/data/raw/189576135-114-als40a222db100/als40a222db100.txt,ALS40A222DB100,10-04092019-100515,KEMET,,100V 2200UF ALS40,100V 2200UF ALS40,,,
189576135-114-als40a222db100,189576135-114-als40a222db100,/Users/tanishqjadhav/Desktop/Extractor/data/raw/189576135-114-als40a222db100/als40a222db100_640x480_back.jpg,back,/Users/tanishqjadhav/Desktop/Extractor/data/raw/189576135-114-als40a222db100/als40a222db100.txt,ALS40A222DB100,10-04092019-100515,KEMET,,100V 2200UF ALS40,100V 2200UF ALS40,,,
189576135-114-als40a222db100,189576135-114-als40a222db100,/Users/tanishqjadhav/Desktop/Extractor/data/raw/189576135-114-als40a222db100/als40a222db100_640x480_top.jpg,top,/Users/tanishqjadhav/Desktop/Extractor/data/raw/189576135-114-als40a222db100/als40a222db100.txt,ALS40A222DB100,10-04092019-100515,KEMET,,100V 2200UF ALS40,100V 2200UF ALS40,,,
189576135-114-als40a222db100,189576135-114-als40a222db100,/Users/tanishqjadhav/Desktop/Extractor/data/raw/189576135-114-als40a222db100/als40a222db100_640x480_iso.jpg,iso,/Users/tanishqjadhav/Desktop/Extractor/data/raw/189576135-114-als40a222db100/als40a222db100.txt,ALS40A222DB100,10-04092019-100515,KEMET,,100V 2200UF ALS40,100V 2200UF ALS40,,,
189576135-114-als40a222db100,189576135-114-als40a222db100,/Users/tanishqjadhav/Desktop/Extractor/data/raw/189576135-114-als40a222db100/als40a222db100_640x480_bottom.jpg,bottom,/Users/tanishqjadhav/Desktop/Extractor/data/raw/189576135-114-als40a222db100/als40a222db100.txt,ALS40A222DB100,10-04092019-100515,KEMET,,100V 2200UF ALS40,100V 2200UF ALS40,,,
189576716-114-rm510-hcv-rcv-brake,189576716-114-rm510-hcv-rcv-brake,/Users/tanishqjadhav/Desktop/Extractor/data/raw/189576716-114-rm510-hcv-rcv-brake/rm510-hcv-rcv-brake_640x480_bottom.jpg,bottom,/Users/tanishqjadhav/Desktop/Extractor/data/raw/189576716-114-rm510-hcv-rcv-brake/rm510-hcv-rcv-brake.txt,RM510-HCV-RCV-BRAKE,90-15052019-052006,GLOBE Benelux BV,,Piston Motors RM510-HCV-RCV-BRAKE,Piston Motors max. power 19 kW / 26 H.P.,,,
189576716-114-rm510-hcv-rcv-brake,189576716-114-rm510-hcv-rcv-brake,/Users/tanishqjadhav/Desktop/Extractor/data/raw/189576716-114-rm510-hcv-rcv-brake/rm510-hcv-rcv-brake_640x480_left.jpg,left,/Users/tanishqjadhav/Desktop/Extractor/data/raw/189576716-114-rm510-hcv-rcv-brake/rm510-hcv-rcv-brake.txt,RM510-HCV-RCV-BRAKE,90-15052019-052006,GLOBE Benelux BV,,Piston Motors RM510-HCV-RCV-BRAKE,Piston Motors max. power 19 kW / 26 H.P.,,,
189576716-114-rm510-hcv-rcv-brake,189576716-114-rm510-hcv-rcv-brake,/Users/tanishqjadhav/Desktop/Extractor/data/raw/189576716-114-rm510-hcv-rcv-brake/rm510-hcv-rcv-brake_640x480_top.jpg,top,/Users/tanishqjadhav/Desktop/Extractor/data/raw/189576716-114-rm510-hcv-rcv-brake/rm510-hcv-rcv-brake.txt,RM510-HCV-RCV-BRAKE,90-15052019-052006,GLOBE Benelux BV,,Piston Motors RM510-HCV-RCV-BRAKE,Piston Motors max. power 19 kW / 26 H.P.,,,
189576716-114-rm510-hcv-rcv-brake,189576716-114-rm510-hcv-rcv-brake,/Users/tanishqjadhav/Desktop/Extractor/data/raw/189576716-114-rm510-hcv-rcv-brake/rm510-hcv-rcv-brake_640x480_front.jpg,front,/Users/tanishqjadhav/Desktop/Extractor/data/raw/189576716-114-rm510-hcv-rcv-brake/rm510-hcv-rcv-brake.txt,RM510-HCV-RCV-BRAKE,90-15052019-052006,GLOBE Benelux BV,,Piston Motors RM510-HCV-RCV-BRAKE,Piston Motors max. power 19 kW / 26 H.P.,,,
189576716-114-rm510-hcv-rcv-brake,189576716-114-rm510-hcv-rcv-brake,/Users/tanishqjadhav/Desktop/Extractor/data/raw/189576716-114-rm510-hcv-rcv-brake/rm510-hcv-rcv-brake_640x480_right.jpg,right,/Users/tanishqjadhav/Desktop/Extractor/data/raw/189576716-114-rm510-hcv-rcv-brake/rm510-hcv-rcv-brake.txt,RM510-HCV-RCV-BRAKE,90-15052019-052006,GLOBE Benelux BV,,Piston Motors RM510-HCV-RCV-BRAKE,Piston Motors max. power 19 kW / 26 H.P.,,,
189576716-114-rm510-hcv-rcv-brake,189576716-114-rm510-hcv-rcv-brake,/Users/tanishqjadhav/Desktop/Extractor/data/raw/189576716-114-rm510-hcv-rcv-brake/rm510-hcv-rcv-brake_640x480_back.jpg,back,/Users/tanishqjadhav/Desktop/Extractor/data/raw/189576716-114-rm510-hcv-rcv-brake/rm510-hcv-rcv-brake.txt,RM510-HCV-RCV-BRAKE,90-15052019-052006,GLOBE Benelux BV,,Piston Motors RM510-HCV-RCV-BRAKE,Piston Motors max. power 19 kW / 26 H.P.,,,
189576716-114-rm510-hcv-rcv-brake,189576716-114-rm510-hcv-rcv-brake,/Users/tanishqjadhav/Desktop/Extractor/data/raw/189576716-114-rm510-hcv-rcv-brake/rm510-hcv-rcv-brake_640x480_iso.jpg,iso,/Users/tanishqjadhav/Desktop/Extractor/data/raw/189576716-114-rm510-hcv-rcv-brake/rm510-hcv-rcv-brake.txt,RM510-HCV-RCV-BRAKE,90-15052019-052006,GLOBE Benelux BV,,Piston Motors RM510-HCV-RCV-BRAKE,Piston Motors max. power 19 kW / 26 H.P.,,,
189576175-114-t356a104k035at,189576175-114-t356a104k035at,/Users/tanishqjadhav/Desktop/Extractor/data/raw/189576175-114-t356a104k035at/t356a104k035at_640x480_iso.jpg,iso,/Users/tanishqjadhav/Desktop/Extractor/data/raw/189576175-114-t356a104k035at/t356a104k035at.txt,T356A104K035AT,10-04092019-125946,KEMET,,Capacitor Tantalum .100uF Radial 35V,Capacitor Tantalum .100uF Radial 35V,,,
189576175-114-t356a104k035at,189576175-114-t356a104k035at,/Users/tanishqjadhav/Desktop/Extractor/data/raw/189576175-114-t356a104k035at/t356a104k035at_640x480_bottom.jpg,bottom,/Users/tanishqjadhav/Desktop/Extractor/data/raw/189576175-114-t356a104k035at/t356a104k035at.txt,T356A104K035AT,10-04092019-125946,KEMET,,Capacitor Tantalum .100uF Radial 35V,Capacitor Tantalum .100uF Radial 35V,,,
189576175-114-t356a104k035at,189576175-114-t356a104k035at,/Users/tanishqjadhav/Desktop/Extractor/data/raw/189576175-114-t356a104k035at/t356a104k035at_640x480_left.jpg,left,/Users/tanishqjadhav/Desktop/Extractor/data/raw/189576175-114-t356a104k035at/t356a104k035at.txt,T356A104K035AT,10-04092019-125946,KEMET,,Capacitor Tantalum .100uF Radial 35V,Capacitor Tantalum .100uF Radial 35V,,,
189576175-114-t356a104k035at,189576175-114-t356a104k035at,/Users/tanishqjadhav/Desktop/Extractor/data/raw/189576175-114-t356a104k035at/t356a104k035at_640x480_back.jpg,back,/Users/tanishqjadhav/Desktop/Extractor/data/raw/189576175-114-t356a104k035at/t356a104k035at.txt,T356A104K035AT,10-04092019-125946,KEMET,,Capacitor Tantalum .100uF Radial 35V,Capacitor Tantalum .100uF Radial 35V,,,
189576175-114-t356a104k035at,189576175-114-t356a104k035at,/Users/tanishqjadhav/Desktop/Extractor/data/raw/189576175-114-t356a104k035at/t356a104k035at_640x480_top.jpg,top,/Users/tanishqjadhav/Desktop/Extractor/data/raw/189576175-114-t356a104k035at/t356a104k035at.txt,T356A104K035AT,10-04092019-125946,KEMET,,Capacitor Tantalum .100uF Radial 35V,Capacitor Tantalum .100uF Radial 35V,,,
189576175-114-t356a104k035at,189576175-114-t356a104k035at,/Users/tanishqjadhav/Desktop/Extractor/data/raw/189576175-114-t356a104k035at/t356a104k035at_640x480_front.jpg,front,/Users/tanishqjadhav/Desktop/Extractor/data/raw/189576175-114-t356a104k035at/t356a104k035at.txt,T356A104K035AT,10-04092019-125946,KEMET,,Capacitor Tantalum .100uF Radial 35V,Capacitor Tantalum .100uF Radial 35V,,,
189576175-114-t356a104k035at,189576175-114-t356a104k035at,/Users/tanishqjadhav/Desktop/Extractor/data/raw/189576175-114-t356a104k035at/t356a104k035at_640x480_right.jpg,right,/Users/tanishqjadhav/Desktop/Extractor/data/raw/189576175-114-t356a104k035at/t356a104k035at.txt,T356A104K035AT,10-04092019-125946,KEMET,,Capacitor Tantalum .100uF Radial 35V,Capacitor Tantalum .100uF Radial 35V,,,
189576667-114-2m02,189576667-114-2m02,/Users/tanishqjadhav/Desktop/Extractor/data/raw/189576667-114-2m02/2m02_640x480_back.jpg,back,/Users/tanishqjadhav/Desktop/Extractor/data/raw/189576667-114-2m02/2m02.txt,2M02,90-15052019-051838,GLOBE Benelux BV,,Compact Vane Motors 2M02,"Compact Vane Motors max. power 0,27 kW / 0.36 H.P.",,,
189576667-114-2m02,189576667-114-2m02,/Users/tanishqjadhav/Desktop/Extractor/data/raw/189576667-114-2m02/2m02_640x480_top.jpg,top,/Users/tanishqjadhav/Desktop/Extractor/data/raw/189576667-114-2m02/2m02.txt,2M02,90-15052019-051838,GLOBE Benelux BV,,Compact Vane Motors 2M02,"Compact Vane Motors max. power 0,27 kW / 0.36 H.P.",,,
189576667-114-2m02,189576667-114-2m02,/Users/tanishqjadhav/Desktop/Extractor/data/raw/189576667-114-2m02/2m02_640x480_bottom.jpg,bottom,/Users/tanishqjadhav/Desktop/Extractor/data/raw/189576667-114-2m02/2m02.txt,2M02,90-15052019-051838,GLOBE Benelux BV,,Compact Vane Motors 2M02,"Compact Vane Motors max. power 0,27 kW / 0.36 H.P.",,,
189576667-114-2m02,189576667-114-2m02,/Users/tanishqjadhav/Desktop/Extractor/data/raw/189576667-114-2m02/2m02_640x480_front.jpg,front,/Users/tanishqjadhav/Desktop/Extractor/data/raw/189576667-114-2m02/2m02.txt,2M02,90-15052019-051838,GLOBE Benelux BV,,Compact Vane Motors 2M02,"Compact Vane Motors max. power 0,27 kW / 0.36 H.P.",,,
189576667-114-2m02,189576667-114-2m02,/Users/tanishqjadhav/Desktop/Extractor/data/raw/189576667-114-2m02/2m02_640x480_right.jpg,right,/Users/tanishqjadhav/Desktop/Extractor/data/raw/189576667-114-2m02/2m02.txt,2M02,90-15052019-051838,GLOBE Benelux BV,,Compact Vane Motors 2M02,"Compact Vane Motors max. power 0,27 kW / 0.36 H.P.",,,
189576667-114-2m02,189576667-114-2m02,/Users/tanishqjadhav/Desktop/Extractor/data/raw/189576667-114-2m02/2m02_640x480_iso.jpg,iso,/Users/tanishqjadhav/Desktop/Extractor/data/raw/189576667-114-2m02/2m02.txt,2M02,90-15052019-051838,GLOBE Benelux BV,,Compact Vane Motors 2M02,"Compact Vane Motors max. power 0,27 kW / 0.36 H.P.",,,
189576667-114-2m02,189576667-114-2m02,/Users/tanishqjadhav/Desktop/Extractor/data/raw/189576667-114-2m02/2m02_640x480_left.jpg,left,/Users/tanishqjadhav/Desktop/Extractor/data/raw/189576667-114-2m02/2m02.txt,2M02,90-15052019-051838,GLOBE Benelux BV,,Compact Vane Motors 2M02,"Compact Vane Motors max. power 0,27 kW / 0.36 H.P.",,,
